Block,Row,Table,Panel,Seriel,"V oc","I sc","V mppt","I mppt",Maxpower,Fillfactor
1,1,1,1,14BP606022048386,38.351589202881,9.1139993667603,31.272092819214,8.5707521438599,268.02536010742,0.76680248975754
1,1,1,2,147P606021062851,38.097519,9.002706,31.017147,8.448848,262.059143,0.764064
1,1,1,3,147P606021049729,37.772903,8.981071,30.611273,8.432505,258.1297,0.760903
1,1,1,4,147P606021062838,38.093662,9.025592,30.98922,8.468519,262.4328,0.76329
1,1,1,5,147P606021062752,38.078415,9.00699,30.966869,8.475773,262.46814,0.765276
1,1,1,6,147P606021062859,37.959599,9.010939,30.839933,8.469004,261.183502,0.763579
1,1,1,7,147P606021064612,37.995975,8.984324,30.926579,8.456991,261.545807,0.766169
1,1,1,8,147P606021062770,37.965607,8.984009,30.877972,8.450968,260.94873,0.765059
1,1,1,9,147P606021063762,38.017342,9.00447,30.906136,8.470265,261.783173,0.764719
1,1,1,10,147P606021062771,37.923679,8.979567,30.863384,8.448316,260.743622,0.765681
1,1,1,11,147P606021062844,38.009483,9.023745,30.910431,8.483023,262.213898,0.764499
1,1,1,12,14BP606022143030,38.15145111084,9.0212326049805,31.208177566528,8.4780025482178,264.5830078125,0.76874977350235
1,1,1,13,147P606021062753,37.96312,9.049559,30.820068,8.47884,261.31842,0.760643
1,1,1,14,14BP606022143432,38.087966918945,9.0046787261963,31.160360336304,8.4534730911255,263.41326904297,0.76803612709045
1,1,1,15,147P606021062841,38.026012,9.016947,30.88924,8.467463,261.553528,0.762817
1,1,1,16,147P606021063779,38.042408,9.049986,30.927652,8.473267,262.058258,0.761171
1,1,1,17,147P606021049838,37.858944,8.982745,30.837633,8.447844,260.511505,0.766036
1,1,1,18,147P606021063923,38.003651,9.076078,30.919676,8.488591,262.464478,0.760934
1,1,1,19,147P606021064646,37.984463,9.034488,30.908909,8.489644,262.40564,0.764652
1,1,1,20,147P606021049732,37.924362,8.975033,30.840174,8.450891,260.626923,0.765711
1,1,1,21,147P606021064585,37.969963,9.050083,30.913397,8.481316,262.186279,0.762987
1,1,1,22,147P606021049866,38.005703,8.991768,30.842083,8.464592,261.065643,0.763934
1,1,1,23,147P606021064594,38.003319,8.975912,31.003119,8.46428,262.419067,0.769299
1,1,1,24,147P606021063896,37.926746,9.112033,30.857647,8.497506,262.213043,0.758741
1,1,1,25,147P606021064607,37.980484,9.007127,30.940172,8.479591,262.360016,0.766921
1,1,1,26,147P606021049449,37.938972,9.055548,30.766907,8.490429,261.224243,0.760349
1,1,1,27,147P606021064715,38.006462,8.993533,30.934685,8.479831,262.320892,0.767441
1,1,1,28,147P606021049448,37.950554,9.045855,30.827917,8.479912,261.41803,0.761496
1,1,1,29,147P606021064621,37.997433,8.978659,30.890303,8.42718,260.318146,0.763025
1,1,1,30,147P606021064736,38.093639,9.041282,31.011417,8.465691,262.533051,0.762257
1,1,1,31,147P606021064680,38.024422,8.998702,30.939045,8.460221,261.75116,0.764973
1,1,1,32,147P606021064731,38.054623,9.010454,30.992794,8.460933,262.227936,0.764759
1,1,1,33,147P606021064627,38.013393,8.956132,30.909576,8.415862,260.130737,0.764072
1,1,1,34,147P606021064735,38.052551,9.035307,30.953768,8.483689,262.602142,0.763786
1,1,1,35,147P606021064679,38.011295,9.024619,30.919149,8.46865,261.843445,0.763309
1,1,1,36,147P606021064643,38.051922,9.004164,30.996176,8.467179,262.450165,0.765997
1,1,1,37,147P606021062744,37.99416,9.01481,30.850725,8.477608,261.540344,0.763599
1,1,1,38,147P606021064315,38.046001,9.001788,31.043095,8.459346,262.604279,0.766768
1,1,1,39,147P606021062783,38.049637,9.032958,30.979086,8.465579,262.25589,0.763035
1,1,1,40,147P606021049836,37.87265,9.015318,30.83536,8.458395,260.817657,0.763889
1,1,2,1,147P606021061362,38.2701,8.995605,31.201193,8.45933,263.941162,0.766685
1,1,2,2,147P606021061333,38.351658,8.986059,31.293585,8.440189,264.123779,0.766398
1,1,2,3,147P606021064507,38.039185,9.045732,30.88348,8.476977,261.798553,0.760838
1,1,2,4,147P606021061452,38.345943,9.025667,31.246061,8.490479,265.294037,0.766529
1,1,2,5,147P606021064616,38.059837,8.971629,30.93857,8.426082,260.690918,0.763462
1,1,2,6,147P606021061403,38.317059,9.006125,31.169209,8.47042,264.016296,0.765069
1,1,2,7,147P606021064617,37.994061,9.014987,30.92206,8.491831,262.5849,0.766636
1,1,2,8,147P606021061487,38.34219,9.009109,31.075247,8.470734,263.230133,0.762038
1,1,2,9,147P606021064292,37.99754,8.999442,30.961239,8.455841,261.803314,0.765604
1,1,2,10,147P606021061486,38.307762,9.01394,31.029434,8.476266,263.013733,0.761688
1,1,2,11,147P606021064410,38.032646,9.015585,30.979496,8.469027,262.36618,0.765169
1,1,2,12,147P606021061391,38.345337,8.975962,31.295044,8.458062,264.695435,0.769047
1,1,2,13,147P606021064514,38.01226,9.004078,30.953249,8.469682,262.164154,0.765968
1,1,2,14,147P606022289405,37.99448,8.965175,30.757389,8.437531,259.516418,0.761878
1,1,2,15,147P606021064289,37.957951,9.031373,30.86883,8.485964,261.951782,0.764126
1,1,2,16,147P606022289094,37.951847,9.055815,30.790459,8.481024,261.134613,0.759808
1,1,2,17,147P606021064748,37.993912,9.000253,30.877958,8.448591,260.875244,0.762894
1,1,2,18,147P606021064519,37.970379,9.004597,30.954685,8.446302,261.452637,0.764687
1,1,2,19,147P606021064450,37.949512,8.985002,30.905523,8.461768,261.515381,0.76696
1,1,2,20,147P606021064498,37.979027,9.009435,30.913002,8.464514,261.663544,0.764719
1,1,2,21,147P606021064479,38.037762,8.978207,30.921007,8.435076,260.821045,0.763727
1,1,2,22,147P606021064516,38.00639,9.013187,30.939869,8.45502,261.597198,0.763657
1,1,2,23,147P606021064559,38.013233,9.008866,30.916206,8.467829,261.793152,0.764457
1,1,2,24,147P606022288361,37.909283,8.996852,30.890886,8.457412,261.256958,0.766005
1,1,2,25,147P606021064560,38.055351,9.007157,30.977427,8.455763,261.937775,0.764178
1,1,2,26,147P606022288200,37.982964,9.006845,30.918692,8.45805,261.511841,0.764416
1,1,2,27,147P606021064539,38.004444,8.96703,30.967607,8.438585,261.322784,0.766822
1,1,2,28,147P606021064766,38.049438,9.004498,30.987265,8.462881,262.241547,0.765409
1,1,2,29,147P606021064767,38.041485,9.026108,30.971533,8.468689,262.288269,0.763873
1,1,2,30,147P606021064694,37.966194,9.012427,30.860254,8.499194,262.287292,0.766546
1,1,2,31,147P606021064674,38.033161,9.02754,30.922993,8.473725,262.032959,0.763175
1,1,2,32,147P606022288204,37.951332,8.9896,30.93363,8.460373,261.710052,0.767102
1,1,2,33,147P606021064675,37.985966,9.042439,30.907021,8.48269,262.174683,0.763277
1,1,2,34,147P606021064503,37.960499,9.047385,30.927914,8.476948,262.174316,0.76337
1,1,2,35,147P606021064671,38.01955,9.01889,30.98657,8.462888,262.23587,0.764772
1,1,2,36,147P606021062311,38.085079,9.004446,30.960012,8.479456,262.524048,0.765521
1,1,2,37,147P606021064542,38.055653,8.976214,30.989075,8.420331,260.938263,0.76388
1,1,2,38,147P606021064518,37.940636,9.020071,30.838936,8.475411,261.372681,0.76374
1,1,2,39,147P606021064506,38.010204,9.012166,30.92193,8.47368,262.022552,0.764908
1,1,2,40,147P606021062293,38.025978,9.012897,30.88402,8.471134,261.622681,0.763362
1,1,3,1,148P606022051100,38.107555389404,9.056131362915,30.883832931519,8.5200853347778,263.13290405273,0.76246756315231
1,1,3,2,148P606022050655,38.090240478516,9.0362167358398,30.921148300171,8.505898475647,263.01214599609,0.76414442062378
1,1,3,3,148P606022050957,38.118953704834,9.0601530075073,30.879377365112,8.5142841339111,262.91580200195,0.76127254962921
1,1,3,4,148P606022050976,38.12633895874,9.0838098526001,30.869312286377,8.5376777648926,263.55224609375,0.7609806060791
1,1,3,5,148P606022050978,38.08179473877,9.0685167312622,30.741765975952,8.5489711761475,262.81048583984,0.76100766658783
1,1,3,6,148P606022051049,38.056907653809,9.0672874450684,30.87117767334,8.5432014465332,263.73867797851,0.76429837942123
1,1,3,7,148P606022050975,38.177906036377,9.0374059677124,30.805660247803,8.526969909668,262.67892456055,0.76132369041443
1,1,3,8,148P606022051051,38.075820922851,9.0636386871338,30.852949142456,8.5397129058838,263.47534179688,0.76346319913864
1,1,3,9,148P606022050967,38.083831787109,9.0197620391846,30.955026626587,8.5009069442749,263.14581298828,0.76605641841888
1,1,3,10,148P606022051054,38.038879394531,9.0624294281006,30.796304702759,8.5295877456665,262.67977905273,0.7619988322258
1,1,3,11,148P606022051075,38.078643798828,9.0963258743286,30.795513153076,8.5534343719482,263.40740966797,0.76046723127365
1,1,3,12,148P606022051039,38.077919006348,9.0477180480957,30.814521789551,8.5302886962891,262.85678100586,0.76296907663345
1,1,3,13,148P606022051080,38.098003387451,9.0444421768188,30.927228927612,8.5399351119995,264.11651611328,0.7664989233017
1,1,3,14,148P606022051045,38.070442199707,9.0527982711792,30.910289764404,8.5317687988281,263.7194519043,0.76519370079041
1,1,3,15,148P606022051084,38.033725738525,9.049126625061,30.835411071777,8.5269289016724,262.9313659668,0.76395338773727
1,1,3,16,148P606022051003,38.064258575439,9.050181388855,30.926578521729,8.52698802948,263.71057128906,0.76551353931427
1,1,3,17,148P606022051077,38.013240814209,9.04811668396,30.899801254272,8.5169477462769,263.17199707031,0.76515001058578
1,1,3,18,148P606022051002,38.043273925781,9.0766735076904,30.887500762939,8.5439176559448,263.90026855469,0.76424962282181
1,1,3,19,148P606022051078,38.031494140625,9.078556060791,30.879281997681,8.5317945480347,263.45568847656,0.76304018497467
1,1,3,20,148P606022051001,38.054035186767,9.0752305984497,30.880729675293,8.5347537994385,263.55941772461,0.76316797733307
1,1,3,21,148P606022051081,38.036430358887,9.0515193939209,30.919855117798,8.512734413147,263.21252441406,0.76451379060745
1,1,3,22,148P606022051227,38.153507232666,9.059868812561,31.052362442017,8.5456552505493,265.36279296875,0.76768606901169
1,1,3,23,148P606022051052,38.080509185791,9.0745191574097,30.852693557739,8.5519514083862,263.85073852539,0.76354026794434
1,1,3,24,148P606022051215,38.056064605713,9.0796041488647,30.936609268188,8.5258188247681,263.75991821289,0.76333999633789
1,1,3,25,148P606022051021,38.026821136475,9.0618648529053,30.878461837769,8.5370635986328,263.61138916016,0.76499140262604
1,1,3,26,148P606022051228,38.144393920898,9.0766868591309,31.070079803467,8.5369739532471,265.24447631836,0.76610493659973
1,1,3,27,148P606022051018,38.080661773682,9.0615758895874,30.841535568237,8.5373029708862,263.30352783203,0.76304203271866
1,1,3,28,148P606022051230,38.148223876953,9.0628051757812,31.051988601684,8.5427656173706,265.26986694336,0.76727485656738
1,1,3,29,148P606022051019,38.015609741211,9.0576171875,30.754150390625,8.5430116653442,262.73306274414,0.7630250453949
1,1,3,30,148P606022051233,38.164947509766,9.0640830993652,31.069585800171,8.5426359176636,265.41616821289,0.76725339889526
1,1,3,31,148P606022050999,38.034202575684,9.0716104507446,30.880475997925,8.5315084457397,263.45703125,0.76357394456863
1,1,3,32,148P606022051234,38.03577041626,9.0593414306641,30.884130477905,8.5338459014893,263.56042480469,0.76487654447555
1,1,3,33,148P606022051007,38.05793762207,9.049711227417,30.879053115845,8.5160360336304,262.96713256836,0.76352190971375
1,1,3,34,148P606022051016,38.047058105469,9.0547094345093,30.911422729492,8.52614402771,263.55523681641,0.76502573490143
1,1,3,35,148P606022050895,38.014049530029,9.0564832687378,30.946985244751,8.5313844680786,264.02062988281,0.7668918967247
1,1,3,36,148P606022051006,38.040344238281,9.0485830307007,30.843925476074,8.5385894775391,263.36361694336,0.76512211561203
1,1,3,37,148P606022050909,38.048461914062,9.0764303207397,30.882024765015,8.5369205474853,263.63739013672,0.76340466737747
1,1,3,38,148P606022043477,38.022381,9.043408,30.849829,8.511839,262.588776,0.763668
1,1,3,39,148P606022051020,38.03401184082,9.0771389007568,30.892028808594,8.539324760437,263.79705810547,0.76409757137298
1,1,3,40,148P606022051048,38.068893432617,9.0735540390015,30.823009490967,8.5252408981323,262.77359008789,0.76073610782623
1,1,4,1,148P606022042618,38.162903,8.956729,30.848717,8.399455,259.112396,0.758049
1,1,4,2,147P606022080230,38.104053,8.924449,31.070341,8.39011,260.683594,0.766586
1,1,4,3,148P606022042715,38.005939,8.978737,30.763464,8.396565,258.307434,0.756955
1,1,4,4,147P606022078303,38.086861,8.962048,30.908293,8.388324,259.268768,0.75957
1,1,4,5,148P606022041291,37.992199,8.950777,30.830652,8.396722,258.876404,0.761267
1,1,4,6,147P606022080498,38.059769,8.931371,30.893412,8.38557,259.058838,0.762104
1,1,4,7,148P606022040103,37.963371,8.8952,30.940809,8.387518,259.516602,0.768501
1,1,4,8,147P606022080238,38.101112,8.992707,30.974407,8.395314,260.039886,0.758948
1,1,4,9,148P606022042654,37.969299,8.956261,30.666159,8.398065,257.536377,0.75732
1,1,4,10,147P606022080493,38.072205,8.959896,31.001673,8.398189,260.35788,0.763238
1,1,4,11,148P606022042770,38.095821,8.95661,30.875435,8.398108,259.295258,0.75993
1,1,4,12,147P606022080435,37.974289,8.928856,30.883169,8.382551,258.879761,0.763506
1,1,4,13,148P606022042742,38.117912,8.95516,30.873688,8.391629,259.080536,0.758983
1,1,4,14,147P606022080444,38.058723,8.95178,30.942926,8.380739,259.324585,0.761167
1,1,4,15,148P606022043044,38.041924,8.989331,30.755049,8.396948,258.248535,0.755176
1,1,4,16,147P606022080446,38.035336,8.969244,30.895248,8.393555,259.320953,0.760142
1,1,4,17,148P606022042976,38.05806,8.943024,30.911058,8.383928,259.156097,0.761431
1,1,4,18,147P606022080456,38.064575,8.977928,30.929718,8.391555,259.548431,0.759489
1,1,4,19,148P606022042938,38.101627,8.9396,30.924456,8.395901,259.638672,0.762268
1,1,4,20,147P606022080436,38.006016,8.960478,30.938875,8.38289,259.357178,0.761579
1,1,4,21,148P606022043029,38.053749,8.987331,30.754469,8.398378,258.287659,0.755223
1,1,4,22,147P606022080442,38.037117,8.978678,30.942614,8.380659,259.319489,0.759303
1,1,4,23,148P606022042673,37.976269,8.943137,30.850315,8.398918,259.109283,0.762923
1,1,4,24,147P606022080441,38.055256,8.962499,30.838169,8.381707,258.476501,0.75784
1,1,4,25,148P606022042677,37.952843,8.938598,30.830748,8.376576,258.256104,0.761267
1,1,4,26,147P606022079133,38.147999,8.950467,30.891035,8.396315,259.37085,0.759633
1,1,4,27,148P606022042686,38.012058,8.937359,30.832531,8.375035,258.223541,0.76009
1,1,4,28,147P606022078830,38.118202,8.934734,30.982159,8.376442,259.520264,0.762004
1,1,4,29,148P606022042620,38.083351,8.983985,30.804489,8.399486,258.741852,0.756245
1,1,4,30,148P606022041308,38.035545,8.962914,30.83984,8.390537,258.762817,0.759037
1,1,4,31,148P606022042614,38.103703,8.941079,30.834377,8.39205,258.763641,0.759532
1,1,4,32,148P606022043068,38.17334,8.958178,30.880192,8.38962,259.073059,0.757604
1,1,4,33,148P606022042461,37.964565,8.967127,30.623203,8.395752,257.104828,0.755229
1,1,4,34,148P606022043051,38.069748,8.945503,30.788673,8.391119,258.35141,0.758623
1,1,4,35,148P606022042356,38.088913,8.931141,30.738071,8.391519,257.939087,0.758249
1,1,4,36,148P606022043052,38.062279,8.951593,30.926489,8.38837,259.422821,0.7614
1,1,4,37,148P606022042401,38.127598,8.907016,30.795546,8.397043,258.591522,0.761452
1,1,4,38,148P606022042774,38.105556,8.960932,30.897434,8.396304,259.424255,0.759747
1,1,4,39,148P606022042697,38.082565,8.986785,30.815807,8.383847,258.355011,0.754895
1,1,4,40,148P606022042731,38.067593,8.942028,30.940357,8.398394,259.849304,0.763361
1,1,5,1,148P606022049484,37.923080444336,8.9523401260376,30.756332397461,8.4469804763794,259.7981262207,0.76523679494858
1,1,5,2,148P606022049312,38.062965393066,8.9873094558716,30.8089427948,8.4277467727661,259.64996337891,0.75902479887009
1,1,5,3,147P606021061587,38.382378,9.0265,31.31181,8.489235,265.813293,0.76723
1,1,5,4,147P606021063109,38.146606,9.026609,31.016851,8.473512,262.821655,0.763274
1,1,5,5,147P606021061594,38.363449,9.020923,31.292192,8.46977,265.037689,0.765842
1,1,5,6,147P606021061200,38.335083,9.015588,31.230412,8.471325,264.562958,0.765488
1,1,5,7,147P606022291109,37.979404,9.029371,30.832729,8.485563,261.633087,0.762934
1,1,5,8,147P606021061204,38.320217,9.014571,31.222092,8.487219,264.988739,0.767104
1,1,5,9,147P606022289212,37.987152,9.016726,30.807705,8.477271,261.165253,0.762482
1,1,5,10,147P606021061203,38.305763,9.036895,31.134176,8.495136,264.489075,0.764055
1,1,5,11,148P606022048139,38.080078125,8.9669933319092,30.922285079956,8.4542064666748,261.42337036133,0.76559615135193
1,1,5,12,147P606021061571,38.299088,9.016991,31.272057,8.446755,264.1474,0.764885
1,1,5,13,148P606022048140,38.107398986816,8.966139793396,30.958448410034,8.4431686401367,261.38739013672,0.76501476764679
1,1,5,14,147P606021061572,38.284901,9.00834,31.242018,8.448141,263.936981,0.765293
1,1,5,15,148P606022048070,38.11791229248,8.9626502990723,30.943975448608,8.4520416259766,261.5397644043,0.76554757356644
1,1,5,16,148P606022048138,38.07209777832,8.9700164794922,30.926429748535,8.4497261047363,261.31985473633,0.7651954293251
1,1,5,17,148P606022048226,38.106609344482,8.9608430862427,30.912714004517,8.4353361129761,260.75912475586,0.76364290714264
1,1,5,18,148P606022048230,38.027484893799,9.0013828277588,30.785015106201,8.4865293502808,261.25793457031,0.76324266195297
1,1,5,19,148P606022048562,38.117542266846,8.9825229644775,31.031869888306,8.4544744491577,262.35815429688,0.76625150442123
1,1,5,20,148P606022048233,38.008407592773,8.9733009338379,30.770107269287,8.4664096832275,260.51232910156,0.76382941007614
1,1,5,21,148P606022048066,38.072761535645,9.0181617736816,30.947448730469,8.484224319458,262.56509399414,0.764723777771
1,1,5,22,148P606022048231,38.002578735351,8.9991703033447,30.730392456055,8.4867486953735,260.80111694336,0.7625949382782
1,1,5,23,148P606022048500,37.998859405517,9.0328159332275,30.793992996216,8.4855928421021,261.30529785156,0.76129764318466
1,1,5,24,147P606021063132,38.168827,9.00118,31.035105,8.47539,263.034637,0.765605
1,1,5,25,148P606022049161,37.889572143555,8.9339866638184,30.719207763672,8.4199848175049,258.6552734375,0.76411080360413
1,1,5,26,147P606021063148,38.084255,9.00833,30.998734,8.4822,262.937439,0.766413
1,1,5,27,148P606022049162,37.933773040771,8.9613580703735,30.825025558472,8.4458227157593,260.34271240234,0.76585322618484
1,1,5,28,147P606021060905,38.302284,9.025285,31.130341,8.450793,263.07608,0.761019
1,1,5,29,148P606022049056,38.013442993164,8.9827156066894,30.818164825439,8.4513463973999,260.45498657226,0.76275986433029
1,1,5,30,147P606021061579,38.370975,9.028506,31.2992,8.477298,265.332642,0.7659
1,1,5,31,148P606022049059,38.070117950439,8.9735860824585,30.853914260864,8.467170715332,261.24536132812,0.76471275091171
1,1,5,32,147P606021061701,38.355888,9.040183,31.287737,8.489122,265.605438,0.765998
1,1,5,33,148P606022049322,38.007358551025,8.9829196929932,30.791250228882,8.4558324813843,260.36566162109,0.76260298490524
1,1,5,34,147P606021061736,38.324337,9.032318,31.259357,8.490967,265.42218,0.766767
1,1,5,35,148P606022049323,38.093662261963,8.9814434051514,30.843204498291,8.4692611694336,261.21914672851,0.76349490880966
1,1,5,36,147P606021061588,38.372219,9.024121,31.290209,8.475801,265.209564,0.765892
1,1,5,37,148P606022049315,38.102752685547,8.9862823486328,30.834390640259,8.4701623916626,261.17230224609,0.7627649307251
1,1,5,38,147P606021062835,38.148682,9.004441,31.073107,8.457971,262.81543,0.765094
1,1,5,39,148P606022049106,38.041217803955,8.990891456604,30.818834304809,8.4364538192749,260.0016784668,0.76018446683884
1,1,5,40,147P606021061711,38.30423,9.004255,31.31246,8.469152,265.190002,0.768887
1,1,6,1,148P606022064719,38.0129737854,8.9263210296631,30.845636367798,8.4312877655029,260.06845092773,0.76644909381866
1,1,6,2,148P606022064151,37.879741668701,8.9284143447876,30.667512893677,8.4080801010132,257.85491943359,0.76241964101791
1,1,6,3,148P606022064258,37.975242614746,8.9975090026855,30.830415725708,8.4668912887573,261.03778076172,0.76397740840912
1,1,6,4,148P606022065537,37.883644104004,8.9608430862427,30.703290939331,8.4511041641235,259.47671508789,0.76435965299606
1,1,6,5,148P606022064553,37.909111022949,8.98313331604,30.736530303955,8.4588527679443,259.99578857422,0.76347506046295
1,1,6,6,148P606022065487,38.154613494873,8.9953203201294,30.932518005371,8.4606208801269,261.70831298828,0.76252454519272
1,1,6,7,148P606022064547,37.951866149902,8.9955635070801,30.713098526001,8.439787864685,259.21203613281,0.75926548242569
1,1,6,8,148P606022064997,38.039134979248,8.979169845581,30.869922637939,8.4477443695068,260.78121948242,0.76350080966949
1,1,6,9,148P606022062389,37.981323242188,8.9331188201904,30.855634689331,8.431941986084,260.17291259766,0.76681196689606
1,1,6,10,148P606022065529,38.186428070068,8.9491186141968,31.022983551025,8.4591016769409,262.42657470703,0.76792448759079
1,1,6,11,148P606022064494,38.002090454101,8.9891452789307,30.713747024536,8.461594581604,259.88726806641,0.76078003644943
1,1,6,12,148P606022065538,38.177669525146,8.9978580474853,30.957111358642,8.4822731018066,262.58666992188,0.76440608501434
1,1,6,13,148P606022065528,38.213661193848,8.9706573486328,31.017765045166,8.4591188430786,262.38296508789,0.76540750265121
1,1,6,14,148P606022065490,38.083625793457,9.0093221664429,30.856550216675,8.4800415039062,261.66482543945,0.76263183355331
1,1,6,15,148P606022064900,37.990306854248,8.9601163864136,30.835969924927,8.4546194076538,260.70639038086,0.7658879160881
1,1,6,16,148P606022048142,38.061992645264,8.9731817245483,30.865081787109,8.4393510818481,260.48126220703,0.76267325878143
1,1,6,17,148P606022064867,38.138542175293,9.0142831802368,30.881662368774,8.4980030059814,262.43246459961,0.76334744691849
1,1,6,18,148P606022064205,37.944309234619,8.9808645248413,30.758192062378,8.4644765853882,260.35198974609,0.76400482654571
1,1,6,19,148P606022042441,38.029998779297,8.9654703140259,30.688190460205,8.4094648361206,258.07125854492,0.75690305233002
1,1,6,20,148P606022065030,37.994766235351,8.977068901062,30.853313446045,8.4603137969971,261.02871704101,0.76529687643051
1,1,6,21,148P606022066483,38.062072753906,8.9759902954101,30.845367431641,8.4577665328979,260.88290405273,0.76360857486725
1,1,6,22,148P606022065027,38.030979156494,8.98495388031,30.824872970581,8.4555177688599,260.64025878906,0.76276040077209
1,1,6,23,148P606022050836,38.078746795654,8.9750986099243,30.842775344849,8.44615650177,260.50289916992,0.76223814487457
1,1,6,24,148P606022064184,37.922454833984,8.958194732666,30.734615325928,8.4431953430176,259.49835205078,0.76386684179306
1,1,6,25,148P606022065248,37.946357727051,9.0393877029419,30.729154586792,8.4899787902832,260.88986206055,0.76058560609818
1,1,6,26,148P606022064292,38.022758483887,8.9737033843994,30.902772903442,8.4633712768555,261.54162597656,0.76652354001999
1,1,6,27,148P606022055976,38.081245422363,9.0217142105103,30.935562133789,8.4919586181641,262.70352172851,0.76465529203415
1,1,6,28,148P606022048416,38.024452209473,8.9996709823608,30.765716552734,8.4726257324219,260.66641235351,0.76172018051147
1,1,6,29,148P606022062565,38.100681304932,9.0141191482544,30.96674156189,8.4969263076782,263.12213134766,0.76612800359726
1,1,6,30,148P606022048177,38.055698394775,8.9806394577026,30.904697418213,8.4490528106689,261.11541748047,0.76402145624161
1,1,6,31,148P606022063469,38.150310516357,9.0059471130371,30.964082717896,8.4924936294556,262.96228027344,0.76536041498184
1,1,6,32,148P606022063825,37.986000061035,8.9515991210938,30.789028167725,8.4491472244263,260.14102172851,0.7650408744812
1,1,6,33,148P606022064850,37.982864379883,8.9973440170288,30.820837020874,8.4764757156372,261.25207519531,0.76446515321732
1,1,6,34,148P606022064460,37.918762207031,8.9516925811768,30.750356674194,8.4504489898682,259.85430908203,0.76554477214813
1,1,6,35,148P606022064992,38.018585205078,8.9670581817627,30.798110961914,8.4683685302734,260.80975341797,0.76502901315689
1,1,6,36,148P606022064076,38.007808685303,8.9590406417847,30.888116836548,8.4327096939087,260.47052001953,0.76493448019028
1,1,6,37,148P606022065034,37.99100112915,8.9369316101074,30.796865463257,8.4487943649292,260.19638061523,0.76635867357254
1,1,6,38,148P606022064787,37.916450500488,8.9880475997925,30.746110916138,8.4738645553589,260.53839111328,0.76450210809708
1,1,6,39,148P606022051726,38.08304977417,8.9504985809326,30.949022293091,8.4591913223267,261.8037109375,0.76806300878525
1,1,6,40,148P606022064270,37.977317810059,9.0212335586548,30.810390472412,8.4835758209228,261.38229370117,0.76293218135834
1,1,7,1,148P606022051727,38.044952392578,9.0112457275391,30.923881530762,8.4872856140137,262.45980834961,0.76556301116943
1,1,7,2,148P606022052349,38.100692749023,8.9305057525635,30.872449874878,8.4298877716064,260.25128173828,0.76486355066299
1,1,7,3,148P606022051151,38.13317489624,9.0072774887085,30.87677192688,8.4794979095459,261.81951904297,0.76226419210434
1,1,7,4,148P606022052348,38.081508636475,8.9614267349243,30.874101638794,8.4675455093384,261.42785644531,0.76605606079101
1,1,7,5,147P606022264185,38.121655,9.016825,30.970881,8.476202,262.515442,0.763712
1,1,7,6,148P606022064280,38.032218933105,9.0328273773193,30.826326370239,8.4939289093018,261.8366394043,0.7621756196022
1,1,7,7,147P606022264186,38.096111,9.015131,30.954653,8.47926,262.472565,0.764243
1,1,7,8,148P606022064278,38.007213592529,8.9997577667236,30.8157787323,8.4653482437134,260.86630249023,0.76264274120331
1,1,7,9,148P606022051419,38.166725158691,8.9911365509033,30.917810440063,8.4560718536377,261.44323730469,0.76186484098434
1,1,7,10,148P606022052353,38.115291595459,8.9858808517456,31.012273788452,8.4794025421143,262.9655456543,0.76778382062912
1,1,7,11,148P606022051353,38.051837921142,9.0051536560059,30.779346466064,8.4797840118408,261.00219726562,0.76168847084045
1,1,7,12,148P606022061710,38.058246612549,8.9901847839355,30.870178222656,8.4619922637939,261.22320556641,0.76347416639328
1,1,7,13,148P606022051345,38.116455078125,8.9997568130493,30.817255020142,8.4640579223633,260.83901977539,0.76037752628326
1,1,7,14,148P606022064185,37.915866851807,8.9960241317749,30.747098922729,8.4732503890991,260.52786254883,0.76380515098572
1,1,7,15,148P606022051687,38.06368637085,8.9739437103271,30.787237167358,8.4598560333252,260.45559692383,0.76249939203262
1,1,7,16,148P606022063228,37.913791656494,8.95494556427,30.705606460571,8.4511919021606,259.49896240234,0.7643204331398
1,1,7,17,148P606022051117,38.031944274902,9.0194664001465,30.78426361084,8.4912624359131,261.39724731445,0.76202923059464
1,1,7,18,148P606022052341,38.06978225708,8.9995994567871,30.943883895874,8.4926071166992,262.79425048828,0.76702988147736
1,1,7,19,148P606022051871,38.072624206543,9.0127763748169,30.905920028686,8.4917974472046,262.44680786133,0.76483875513077
1,1,7,20,148P606022051743,38.135730743408,8.9959383010864,30.977434158325,8.488395690918,262.94873046875,0.76646536588669
1,1,7,21,148P606022051491,38.168251037598,8.9908695220947,30.919818878174,8.4673986434937,261.81042480469,0.76292699575424
1,1,7,22,148P606022051723,38.095764160156,8.9736518859863,30.900579452515,8.4620370864868,261.48184204101,0.76488411426544
1,1,7,23,148P606022052591,38.02392578125,9.0233602523804,30.953256607056,8.4938917160034,262.91360473633,0.76628059148788
1,1,7,24,148P606022058894,38.074924468994,8.9306669235229,30.945705413818,8.4280500411987,260.81195068359,0.7670162320137
1,1,7,25,148P606022051858,38.110176086426,9.0045967102051,31.03466796875,8.4840068817139,263.29833984375,0.76726061105728
1,1,7,26,148P606022051742,38.136596679688,8.996919631958,30.979600906372,8.497350692749,263.24453735351,0.76722651720047
1,1,7,27,148P606022052567,38.126049041748,9.0166854858398,30.919912338257,8.4964036941528,262.70806884766,0.76419585943222
1,1,7,28,148P606022051740,38.236228942871,8.9933032989502,31.093029022217,8.4841537475586,263.79803466797,0.76714468002319
1,1,7,29,148P606022051853,38.108165740967,8.9684753417969,31.077388763428,8.4688062667847,263.18838500976,0.7700697183609
1,1,7,30,148P606022052575,38.072708129883,9.011791229248,30.92467880249,8.4975233078003,262.78317260742,0.76590102910995
1,1,7,31,148P606022051841,38.147483825684,8.9879055023193,31.052955627441,8.4743528366089,263.15371704101,0.76751190423965
1,1,7,32,148P606022049902,38.105129241943,8.985408782959,31.001493453979,8.4753589630127,262.74877929688,0.76739579439163
1,1,7,33,148P606022051842,38.198581695557,9.0117254257202,31.04292678833,8.4738626480103,263.05349731445,0.76416808366776
1,1,7,34,148P606022052590,38.073085784912,8.985595703125,30.969446182251,8.4840030670166,262.74487304688,0.76801431179047
1,1,7,35,148P606022051677,38.09061050415,8.9722309112549,30.864385604858,8.4391489028931,260.46914672851,0.76214551925659
1,1,7,36,148P606022052563,38.066764831543,8.9880084991455,30.956035614014,8.4879665374756,262.75378417969,0.76796168088913
1,1,7,37,148P606022051720,38.116653442383,8.9623727798462,30.823358535767,8.4432325363159,260.24877929688,0.76181745529175
1,1,7,38,148P606022063518,37.902530670166,8.95956325531,30.6916847229,8.4322385787964,258.79962158203,0.76209408044815
1,1,8,1,148P606022051800,38.031902313232,8.9865159988403,30.88708114624,8.4756851196289,261.78918457031,0.76597094535828
1,1,8,2,148P606022054448,37.93127822876,8.9688091278076,30.810510635376,8.4489316940308,260.31588745117,0.76518845558167
1,2,1,1,147P606021061753,38.308945,9.057652,31.254202,8.521631,266.336792,0.767565
1,2,1,2,147P606021061715,38.220493,9.058838,31.084084,8.509021,264.495117,0.763922
1,2,1,3,147P606021065537,38.053169,8.993337,30.567606,8.527673,260.670532,0.761694
1,2,1,4,147P606021061728,38.376518,9.091012,31.320122,8.525776,267.028351,0.765384
1,2,1,5,147P606021065781,38.038475,8.968294,30.565109,8.543508,261.13324,0.765472
1,2,1,6,147P606021061598,38.065395,9.070219,30.965036,8.504596,263.345123,0.762741
1,2,1,7,147P606022288334,37.972252,8.988996,30.955034,8.462111,261.944916,0.767419
1,2,1,8,147P606021061612,38.09351,9.072955,30.965622,8.50666,263.414001,0.762148
1,2,1,9,147P606022287795,37.973797,9.031549,30.767727,8.47727,260.826324,0.76051
1,2,1,10,147P606021061597,38.098877,9.088922,31.011307,8.507179,263.818756,0.76187
1,2,1,11,147P606021062560,38.304688,9.067658,31.128647,8.519985,265.215607,0.763576
1,2,1,12,147P606021061648,38.213051,9.108887,31.099503,8.560856,266.238373,0.764881
1,2,1,13,147P606021061276,38.328373,9.064829,31.124889,8.526821,265.396362,0.763862
1,2,1,14,147P606021061641,38.223724,9.068142,31.117685,8.526883,265.336853,0.765502
1,2,1,15,147P606021054672,,,,,,
1,2,1,16,147P606021062379,38.207542,9.09188,31.17161,8.515819,265.451782,0.764157
1,2,1,17,147P606021061155,38.360458,9.055625,31.298285,8.509353,266.328156,0.766681
1,2,1,18,147P606021061631,38.119816,9.105439,30.976372,8.564638,265.301422,0.764342
1,2,1,19,147P606021066223,37.977947,9.032569,30.584276,8.552806,261.58139,0.762543
1,2,1,20,147P606021061765,38.18816,9.066603,31.111092,8.512736,264.840515,0.764911
1,2,1,21,147P606021062504,38.312263,9.072241,31.209797,8.503961,265.406891,0.763589
1,2,1,22,147P606021062378,38.193962,9.052129,31.09214,8.503864,264.403351,0.764754
1,2,1,23,147P606021066118,38.07589,8.977953,30.597891,8.50832,260.336639,0.761567
1,2,1,24,147P606021061643,38.260719,9.116514,31.142984,8.570128,266.899384,0.765184
1,2,1,25,147P606021062507,38.31987,9.073462,31.087587,8.515163,264.715881,0.761348
1,2,1,26,147P606021061632,38.273331,9.107712,31.14501,8.570768,266.936676,0.765778
1,2,1,27,147P606021063107,38.115059,9.025737,30.556526,8.5193,260.32019,0.756708
1,2,1,28,147P606021061760,38.282017,9.044478,31.239223,8.513756,265.963135,0.768145
1,2,1,29,147P606021061761,38.242844,9.039502,31.215082,8.501312,265.369171,0.767637
1,2,1,30,147P606021062372,38.230278,9.068685,31.125896,8.509965,264.88028,0.764008
1,2,1,31,147P606021061644,38.305393,9.080301,31.179737,8.542554,266.354584,0.765773
1,2,1,32,147P606021062373,38.229214,9.041348,31.183695,8.501685,265.113953,0.767015
1,2,1,33,147P606021061769,38.24818,9.076077,31.200962,8.509129,265.493011,0.764793
1,2,1,34,147P606021060559,38.242611,9.073925,31.165451,8.502297,264.977936,0.763602
1,2,1,35,147P606021061634,38.210785,9.103646,31.100994,8.561297,266.264862,0.765442
1,2,1,36,147P606021060561,38.328163,9.042567,31.268841,8.505323,265.951599,0.767349
1,2,1,37,147P606021062377,38.226025,9.087929,31.142332,8.519352,265.3125,0.763719
1,2,1,38,147P606021061647,38.257862,9.088932,31.173576,8.548328,266.481964,0.766363
1,2,1,39,147P606021061698,38.272408,9.047554,31.26034,8.502346,265.786224,0.767566
1,2,1,40,148P606022050996,38.043079376221,9.0677213668823,30.947380065918,8.5442609786987,264.42248535156,0.76652187108993
1,2,2,1,147P606022270814,38.013519,8.970406,30.730141,8.42689,258.959534,0.75942
1,2,2,2,147P606022286581,37.975567,9.023719,30.887573,8.448389,260.950226,0.761496
1,2,2,3,147P606022271703,37.966507,8.996118,30.753283,8.424966,259.095367,0.758584
1,2,2,4,147P606022288134,37.923931,9.04139,30.880175,8.485476,262.03299,0.764201
1,2,2,5,147P606022271723,38.031811,8.963382,30.726669,8.427977,258.963654,0.759661
1,2,2,6,147P606022286542,37.963505,9.042541,30.772594,8.477709,260.881104,0.759951
1,2,2,7,147P606022271476,37.954617,8.984236,30.655046,8.451907,259.093597,0.75982
1,2,2,8,147P606021062748,38.050442,9.035138,30.925512,8.482592,262.328491,0.763046
1,2,2,9,147P606022288148,38.026325,9.019295,30.893377,8.455216,261.210205,0.761611
1,2,2,10,147P606022288374,37.942024,9.008838,30.928205,8.483757,262.38739,0.767633
1,2,2,11,147P606022288211,37.902683,9.002382,30.884619,8.464938,261.436401,0.766194
1,2,2,12,147P606022287460,38.052448,8.992212,31.022329,8.448178,262.082184,0.765929
1,2,2,13,147P606022288378,37.988621,9.012179,30.942524,8.474306,262.216431,0.765908
1,2,2,14,147P606022286585,37.957886,9.031498,30.773796,8.443336,259.833496,0.757937
1,2,2,15,147P606022288136,37.9454,9.036959,30.87079,8.468513,261.429688,0.762383
1,2,2,16,147P606022288316,37.923019,9.001861,30.832998,8.451053,260.571289,0.763293
1,2,2,17,147P606022288138,37.888988,9.063691,30.742046,8.489925,260.997681,0.760009
1,2,2,18,147P606022288322,37.956154,9.002321,30.836452,8.454993,260.721985,0.763029
1,2,2,19,147P606022288137,37.892509,9.047968,30.783373,8.4802,261.049164,0.761409
1,2,2,20,147P606022288130,37.936619,9.009956,30.867834,8.47992,261.756775,0.765802
1,2,2,21,147P606022286543,37.874496,9.060187,30.688553,8.465613,259.797424,0.757096
1,2,2,22,147P606021061388,38.30452,8.995684,31.164106,8.464666,263.793762,0.765562
1,2,2,23,147P606022288010,37.942215,9.029253,30.83078,8.454214,260.650024,0.760822
1,2,2,24,147P606021061387,38.305431,9.005316,31.140226,8.459655,263.435577,0.763687
1,2,2,25,147P606022288235,37.898216,9.034158,30.843048,8.470238,261.247955,0.763039
1,2,2,26,147P606021061508,38.294708,9.043284,31.241373,8.488192,265.18277,0.765738
1,2,2,27,147P606022288192,37.895561,9.007018,30.727987,8.459612,259.946838,0.761579
1,2,2,28,147P606021061507,38.351452,9.027691,31.228058,8.480778,264.838226,0.764931
1,2,2,29,147P606022288234,37.977097,8.976928,30.937515,8.459145,261.704926,0.767649
1,2,2,30,147P606021062521,38.343483,9.008296,31.290997,8.462068,264.78653,0.766587
1,2,2,31,147P606022288016,37.926403,9.012695,30.754196,8.456079,260.059906,0.760811
1,2,2,32,147P606021061462,38.291126,9.031982,31.188297,8.465412,264.02179,0.763411
1,2,2,33,147P606022286541,37.936714,9.066109,30.733206,8.475837,260.489624,0.757373
1,2,2,34,147P606021061595,38.378017,9.024174,31.320568,8.479218,265.573944,0.766824
1,2,2,35,147P606021064593,38.003735,9.003606,30.981461,8.468608,262.369843,0.766781
1,2,2,36,147P606021061717,38.301029,9.038788,31.086145,8.477364,263.528564,0.761214
1,2,2,37,147P606021062842,38.006611,9.014093,30.897928,8.472084,261.769836,0.764079
1,2,2,38,147P606021061576,38.302391,9.002919,31.266649,8.466753,264.72699,0.767695
1,2,2,39,147P606021062755,37.990791,9.012208,30.904549,8.473704,261.876007,0.764867
1,2,2,40,147P606021061582,38.37178,9.028807,31.313076,8.486267,265.73114,0.767008
1,2,3,1,147P606022290948,37.963593,9.029566,30.682775,8.460252,259.584015,0.757258
1,2,3,2,147P606021058963,38.167824,9.028183,30.855864,8.489195,261.941437,0.760163
1,2,3,3,147P606021060806,38.287617,8.97547,31.187796,8.421053,262.634064,0.76425
1,2,3,4,147P606022288190,37.910271,8.996177,30.904467,8.454666,261.286957,0.766131
1,2,3,5,147P606021063918,38.024323,9.034925,30.953846,8.478683,262.447876,0.763936
1,2,3,6,147P606022271731,38.001423,8.983972,30.778084,8.431669,259.51062,0.760128
1,2,3,7,147P606021063776,38.071941,9.035625,31.00222,8.469837,262.583771,0.763316
1,2,3,8,147P606021049746,38.000565,8.973109,30.856888,8.437788,260.363892,0.763568
1,2,3,9,147P606021049869,38.027996,9.01844,30.899929,8.429749,260.478638,0.759517
1,2,3,10,147P606021061489,38.277481,9.046024,30.999556,8.461797,262.311951,0.75756
1,2,3,11,147P606021049717,37.989967,8.979568,30.874884,8.43938,260.56488,0.763821
1,2,3,12,147P606021063749,38.094872,9.027175,30.984589,8.461818,262.185944,0.762414
1,2,3,13,147P606021049735,37.946823,8.973134,30.81459,8.43171,259.819702,0.763049
1,2,3,14,147P606021063880,37.971519,9.053992,30.91453,8.477511,262.078278,0.762312
1,2,3,15,147P606022288916,37.946293,9.008811,30.723217,8.471155,260.261139,0.761329
1,2,3,16,147P606022289132,37.96069,9.007619,30.695869,8.466042,259.872498,0.760005
1,2,3,17,147P606022288362,37.933807,9.024487,30.900461,8.460956,261.447418,0.763722
1,2,3,18,147P606022289137,37.930313,8.982907,30.726028,8.451456,259.679688,0.76214
1,2,3,19,147P606022288314,38.030346,8.998155,30.916172,8.465737,261.72818,0.764833
1,2,3,20,147P606022289138,38.006664,8.989908,30.778532,8.450309,260.088104,0.761212
1,2,3,21,147P606022288153,37.912571,8.987144,30.802685,8.437954,259.911621,0.762818
1,2,3,22,147P606022288890,37.96632,9.023816,30.685724,8.456675,259.499176,0.757438
1,2,3,23,147P606022287458,38.023949,8.99042,30.978037,8.445843,261.63562,0.765349
1,2,3,24,147P606022288889,38.009705,9.02288,30.737944,8.457847,259.976807,0.758045
1,2,3,25,147P606022288038,37.941208,9.004474,30.956837,8.444674,261.42038,0.765191
1,2,3,26,147P606022290978,37.9734,8.996038,30.668169,8.448442,259.098267,0.758462
1,2,3,27,147P606022288411,37.998806,8.985461,31.009623,8.459031,262.311371,0.768257
1,2,3,28,147P606022292472,38.010506,9.003747,30.773165,8.457183,260.254272,0.76045
1,2,3,29,147P606022292616,37.97197,9.012427,30.970444,8.479521,262.614532,0.767386
1,2,3,30,147P606022292625,37.943474,9.013225,30.859121,8.46677,261.2771,0.763984
1,2,3,31,147P606022290995,38.113529,9.023486,30.873014,8.467227,261.408813,0.760093
1,2,3,32,147P606021049730,38.006626,8.950461,30.835133,8.41619,259.514343,0.762881
1,2,3,33,147P606022291108,37.968472,9.036942,30.886972,8.489918,262.227844,0.764248
1,2,3,34,147P606021049767,37.952278,8.985285,30.811331,8.442674,260.130005,0.762818
1,2,3,35,147P606022288356,37.92667,9.003237,30.960407,8.476642,262.440277,0.768577
1,2,3,36,147P606022292263,38.071697,8.939084,30.933905,8.4144,260.290253,0.764826
1,2,3,37,148P606022064556,37.954219818115,8.9935569763184,30.740970611572,8.4292812347412,259.1242980957,0.75913071632385
1,2,3,38,147P606022292219,38.028973,8.943218,30.960369,8.437836,261.238495,0.768119
1,2,3,39,147P606022285679,38.037457,9.002764,30.939054,8.483403,262.468475,0.766461
1,2,3,40,147P606022287656,37.918552,9.049332,30.798553,8.49505,261.635254,0.762479
1,2,4,1,147P606022291221,38.007118,9.000372,30.778097,8.469885,260.686951,0.762068
1,2,4,2,147P606022287102,37.960182,9.048353,30.838511,8.490859,261.845459,0.762337
1,2,4,3,147P606022288862,38.110039,9.006245,30.952662,8.463171,261.957672,0.763217
1,2,4,4,147P606022290983,38.082863,9.009809,30.80418,8.471643,260.962036,0.760558
1,2,4,5,147P606022291445,38.033337,8.972326,30.848145,8.41836,259.690765,0.761004
1,2,4,6,147P606022291112,38.012939,9.034206,30.896429,8.473753,261.808716,0.762364
1,2,4,7,147P606022292379,38.143745,8.998764,30.880035,8.45684,261.147491,0.760816
1,2,4,8,147P606022291315,38.02021,9.026927,30.727499,8.46735,260.180481,0.758089
1,2,4,9,147P606022292208,38.082832,8.930326,30.899944,8.422958,260.268951,0.76529
1,2,4,10,147P606022286755,37.920403,9.051094,30.927055,8.466956,261.858032,0.762943
1,2,4,11,147P606022292262,38.097534,8.915915,30.948915,8.415198,260.441254,0.766738
1,2,4,12,147P606022290141,38.000027,9.05446,30.698507,8.498716,260.897919,0.758271
1,2,4,13,147P606022291686,38.045723,8.94824,30.745058,8.428357,259.130341,0.761158
1,2,4,14,147P606022292258,38.155827,8.913366,30.894438,8.407278,259.738129,0.763718
1,2,4,15,148P606022042182,38.077152,8.945229,30.901049,8.423316,260.289307,0.764188
1,2,4,16,147P606022292260,38.071369,8.936513,30.890005,8.415486,259.954407,0.764066
1,2,4,17,148P606022043316,38.073814,9.008028,30.767036,8.467711,260.526398,0.759619
1,2,4,18,147P606022292261,38.075527,8.931338,30.962076,8.424438,260.838104,0.767023
1,2,4,19,148P606022048878,37.970447540283,8.9734411239624,30.828987121582,8.4484510421753,260.45718383789,0.76441925764084
1,2,4,20,147P606022291284,38.078835,8.969539,30.847591,8.441304,260.39389,0.76239
1,2,4,21,148P606022049489,38.007305145264,8.9765272140503,30.766565322876,8.4378480911255,259.60360717773,0.76091349124908
1,2,4,22,147P606022291674,38.037575,8.926324,30.805487,8.409222,259.050171,0.762954
1,2,4,23,148P606022049329,38.020969390869,9.0126724243164,30.802471160889,8.4719133377075,260.95587158203,0.76153576374054
1,2,4,24,168P606014062135,,,,,,
1,2,4,25,148P606022049129,37.886875152588,8.957407951355,30.768014907837,8.4408416748047,259.70794677734,0.76526898145676
1,2,4,26,147P606022291332,38.02681,8.999467,30.869934,8.447485,260.773315,0.762003
1,2,4,27,148P606022042350,38.052021,8.958293,30.891083,8.408231,259.739349,0.761965
1,2,4,28,147P606022291830,38.036625,9.011202,30.806986,8.470491,260.950317,0.76133
1,2,4,29,148P606022043717,37.994198,9.02563,30.687092,8.47945,260.209656,0.758802
1,2,4,30,147P606022292475,37.868961,9.025801,30.736242,8.473896,260.455719,0.762017
1,2,4,31,148P606022042955,38.154984,8.944497,30.939453,8.423777,260.627045,0.763682
1,2,4,32,147P606022288897,37.964863,9.008746,30.692263,8.456786,259.557892,0.758906
1,2,4,33,148P606022041772,38.018913,9.013276,30.877165,8.462928,261.311218,0.762563
1,2,4,34,147P606022288900,38.019318,8.997427,30.680775,8.452018,259.314453,0.758061
1,2,4,35,148P606022041779,38.011829,9.013978,30.871252,8.46607,261.358185,0.762783
1,2,4,36,147P606022288895,38.026344,9.017179,30.839512,8.469449,261.193665,0.761741
1,2,4,37,148P606022292163,,,,,,
1,2,4,38,147P606022291029,37.917564,9.026936,30.830015,8.490893,261.774384,0.764797
1,2,4,39,148P606022043191,38.1609,8.995748,30.907656,8.444287,260.993134,0.760279
1,2,4,40,168P606014078122,,,,,,
1,2,5,1,148P606022064546,38.012058258057,8.9963703155518,30.833240509033,8.4546480178833,260.68420410156,0.76230013370514
1,2,5,2,148P606022051280,38.053741455078,8.9730539321899,30.85661315918,8.4887132644653,261.93295288086,0.76710093021393
1,2,5,3,148P606022049163,37.953182220459,8.9869842529297,30.714895248413,8.4624633789062,259.92367553711,0.76205033063889
1,2,5,4,148P606022050673,37.970527648926,8.9565830230713,30.833389282226,8.4265079498291,259.81781005859,0.76397639513016
1,2,5,5,148P606022065003,37.916198730469,8.9781007766724,30.750518798828,8.457179069519,260.06265258789,0.76395666599274
1,2,5,6,148P606022050781,38.071445465088,8.9968414306641,30.809972763061,8.4578142166138,260.58502197266,0.76078164577484
1,2,5,7,148P606022064545,37.94208908081,9.0452747344971,30.730030059814,8.4345407485962,259.19369506836,0.75523382425308
1,2,5,8,148P606022050181,38.044208526611,9.0071296691894,30.941690444946,8.4706544876099,262.09637451172,0.76486718654633
1,2,5,9,148P606022064542,37.935653686523,9.0027475357056,30.712726593017,8.4609041213989,259.857421875,0.76087355613708
1,2,5,10,148P606022050764,38.066844940185,8.9671039581299,30.917442321777,8.4246549606323,260.46878051758,0.7630563378334
1,2,5,11,148P606022048600,38.129920959473,8.9710826873779,30.981149673462,8.443657875061,261.59423828125,0.76474636793137
1,2,5,12,148P606022065013,37.960971832275,8.9749717712402,30.860269546509,8.461256980896,261.11666870117,0.76641535758972
1,2,5,13,148P606022043327,38.19265,9.007572,30.851362,8.465378,261.168427,0.75916
1,2,5,14,148P606022065596,38.20442199707,8.9682321548462,30.970701217651,8.4500274658203,261.70327758789,0.76381587982178
1,2,5,15,148P606022047445,37.906860351562,8.9735927581787,30.735275268555,8.4118185043335,258.53955078125,0.76005113124847
1,2,5,16,148P606022065623,38.224239349365,8.9830513000488,30.995800018311,8.4654493331909,262.39337158203,0.76417022943497
1,2,5,17,148P606022048143,38.061706542969,8.9852380752563,30.800142288208,8.4814147949219,261.2287902832,0.76384139060974
1,2,5,18,148P606022063504,37.928852081299,8.9863376617432,30.726432800293,8.4672546386719,260.16851806641,0.76331239938736
1,2,5,19,148P606022048304,37.996429443359,9.0014505386353,30.757247924805,8.4730138778687,260.60659790039,0.76195639371872
1,2,5,20,148P606022063591,37.977661132812,8.9797859191894,30.758039474487,8.4512729644775,259.94458007812,0.76223093271255
1,2,5,21,148P606022064277,37.965564727783,9.0076246261597,30.811880111694,8.4657707214355,260.84631347656,0.76275414228439
1,2,5,22,148P606022063731,38.015518188476,8.9555959701538,30.838773727417,8.458402633667,260.84677124023,0.76617866754532
1,2,5,23,148P606022064737,37.980758666992,8.9320001602173,30.741035461426,8.4027004241943,258.30770874023,0.76142126321793
1,2,5,24,148P606022048164,38.089965820312,8.9975090026855,30.922731399536,8.4605569839478,261.62353515625,0.7633855342865
1,2,5,25,148P606022064742,38.032646179199,8.9646711349487,30.845205307007,8.4363012313843,260.2194519043,0.76321846246719
1,2,5,26,148P606022048113,37.998268127441,8.9888153076172,30.732452392578,8.4819688796997,260.67169189453,0.76318109035492
1,2,5,27,148P606022064741,37.99287033081,8.9502592086792,30.776159286499,8.4385023117065,259.70468139648,0.76373386383057
1,2,5,28,148P606022048137,38.05834197998,8.9764490127563,30.941106796265,8.4507122039795,261.47439575195,0.76537579298019
1,2,5,29,148P606022064603,37.901260375976,9.018946647644,30.695327758789,8.4884338378906,260.55526733398,0.76223760843277
1,2,5,30,148P606022048141,38.100051879883,8.9720296859741,30.934333801269,8.448842048645,261.35931396484,0.76457786560059
1,2,5,31,148P606022064599,37.98698425293,8.9961824417114,30.821084976196,8.4414405822754,260.17434692383,0.76132732629776
1,2,5,32,148P606022048261,38.117057800293,8.9645376205444,30.887487411499,8.4291973114014,260.3567199707,0.76194131374359
1,2,5,33,148P606022064739,37.974868774414,8.9544668197632,30.728958129883,8.4501075744629,259.66299438476,0.76361429691315
1,2,5,34,148P606022048936,38.065544128418,9.0094976425171,30.874925613403,8.4530715942383,260.98794555664,0.76100558042526
1,2,5,35,148P606022043094,38.018089,8.975032,30.815617,8.461636,260.750519,0.764186
1,2,5,36,148P606022049058,38.058280944824,8.9681119918823,30.85178565979,8.463888168335,261.12606811523,0.76506799459457
1,2,5,37,148P606022043328,38.207203,9.001213,30.892887,8.465367,261.519623,0.760428
1,2,5,38,148P606022049482,37.920703887939,8.944990158081,30.738487243652,8.4362096786499,259.31631469726,0.76449310779571
1,2,5,39,148P606022065451,38.058982849121,8.9772491455078,30.910820007324,8.4613971710205,261.54873657226,0.76551228761673
1,2,5,40,148P606022064736,37.978523254395,8.9469118118286,30.812734603882,8.4466276168823,260.26370239258,0.76595342159271
1,2,6,1,148P606022064637,38.09432220459,9.0323514938354,30.861673355102,8.4712953567505,261.43835449219,0.75981563329697
1,2,6,2,148P606022058583,37.978874206543,8.9958190917969,30.735746383667,8.4845056533813,260.7776184082,0.76328641176224
1,2,6,3,148P606022053080,38.033542633057,8.9462366104126,30.833745956421,8.4330520629883,260.02258300781,0.76419448852539
1,2,6,4,148P606022062252,38.044872283935,9.0107936859131,30.717323303223,8.4881458282471,260.7331237793,0.76056623458862
1,2,6,5,148P606022052951,38.158096313476,9.002685546875,30.970632553101,8.442177772522,261.45959472656,0.76110714673996
1,2,6,6,148P606022052198,38.128845214844,8.9949808120728,30.865438461304,8.4504308700562,260.82626342773,0.7604968547821
1,2,6,7,148P606022053157,37.996253967285,9.0201025009155,30.768913269043,8.4714689254761,260.65789794922,0.7605339884758
1,2,6,8,148P606022064753,37.998840332031,9.0060329437256,30.763134002686,8.4925260543823,261.25671386719,0.76342010498047
1,2,6,9,148P606022053669,38.190612792969,8.9589548110962,30.993734359741,8.4160165786743,260.84378051758,0.76237124204636
1,2,6,10,148P606022064749,37.990711212158,9.0022916793823,30.802345275879,8.4734172821045,261.00112915039,0.76315349340439
1,2,6,11,147P606022293569,,,,,,
1,2,6,12,148P606022052966,38.076515197754,9.0046110153198,30.889789581299,8.4630126953125,261.42068481445,0.76246130466461
1,2,6,13,147P606022291753,,,,,,
1,2,6,14,147P606022291925,,,,,,
1,2,6,15,147P606022292057,,,,,,
1,2,6,16,148P606022014877,37.970333,8.989737,30.820984,8.459243,260.722198,0.763812
1,2,6,17,147P606022293286,,,,,,
1,2,6,18,148P606022014872,37.941074,8.999243,30.781221,8.457659,260.337067,0.762466
1,2,6,19,147P606022292055,,,,,,
1,2,6,20,148P606022014831,37.927734,9.01604,30.741793,8.451906,259.826752,0.759821
1,2,6,21,147P606022292060,,,,,,
1,2,6,22,147P606022292005,,,,,,
1,2,6,23,147P606022291930,,,,,,
1,2,6,24,148P606022014885,37.909466,8.954306,30.743238,8.443592,259.583374,0.764711
1,2,6,25,147P606022293497,,,,,,
1,2,6,26,148P606022060596,38.039451599121,8.9846506118774,30.900815963745,8.4599285125732,261.41870117188,0.76489394903183
1,2,6,27,147P606022291986,,,,,,
1,2,6,28,148P606022064279,37.992641448975,9.0111722946167,30.82239151001,8.4831247329712,261.47018432617,0.76373273134232
1,2,6,29,147P606022291914,,,,,,
1,2,6,30,148P606022063442,38.016624450684,8.9453439712524,30.83599281311,8.4333486557007,260.05068969726,0.76469349861145
1,2,6,31,148P606022066079,37.965847015381,8.9810771942139,30.791231155396,8.4678230285644,260.73471069336,0.76467579603195
1,2,6,32,148P606022063662,38.069736480713,8.8961572647095,30.896190643311,8.4112672805786,259.87612915039,0.76733332872391
1,2,6,33,148P606022067253,37.929225921631,8.9629039764404,30.790586471558,8.4409036636353,259.90036010742,0.76451176404953
1,2,6,34,148P606022065605,38.169147491455,8.9869403839111,30.946001052856,8.4659509658813,261.98733520508,0.76375836133957
1,2,6,35,148P606022058924,37.960121154785,8.9929552078247,30.772506713867,8.4835290908813,261.05944824219,0.76473224163055
1,2,6,36,148P606022045410,38.171501159668,8.944938659668,30.867923736572,8.4172515869141,259.82308959961,0.76095879077911
1,2,6,37,148P606022058951,38.028163909912,8.993613243103,30.862943649292,8.482271194458,261.78787231445,0.76543790102005
1,2,6,38,148P606022064605,37.943599700928,9.0260057449341,30.732095718384,8.4829034805298,260.69738769531,0.76120662689209
1,2,6,39,148P606022054464,38.095069885254,8.9635591506958,31.04475402832,8.440375328064,262.02938842773,0.76736277341843
1,2,6,40,148P606022064740,38.051136016846,8.951470375061,30.81121635437,8.4392538070679,260.02368164062,0.76339781284332
1,2,7,1,148P606022059070,38.05827331543,9.0117864608765,30.880931854248,8.4984397888184,262.4397277832,0.76519054174423
1,2,7,2,148P606022014076,37.96703,9.019258,30.779276,8.476064,260.887115,0.76186
1,2,7,3,148P606022058431,37.971340179443,8.9396619796753,30.834413528442,8.4376468658447,260.16989135742,0.76644325256348
1,2,7,4,148P606022014088,37.984119,9.029602,30.771236,8.495205,261.407959,0.762163
1,2,7,5,148P606022058443,37.983287811279,8.931077003479,30.844146728516,8.4557809829712,260.81134033203,0.7688295841217
1,2,7,6,148P606022014884,37.87077,8.983921,30.683182,8.440744,258.988892,0.761222
1,2,7,7,148P606022058926,38.04951095581,8.9879922866821,30.823310852051,8.4976568222046,261.92590332031,0.76589047908783
1,2,7,8,147P606022291922,,,,,,
1,2,7,9,148P606022058444,37.943462371826,8.9529104232788,30.838712692261,8.4642210006714,261.0256652832,0.76839053630829
1,2,7,10,148P606022014806,37.931778,9.035583,30.79006,8.475356,260.956726,0.761393
1,2,7,11,148P606022066587,37.958969116211,8.9382076263428,30.905948638916,8.418625831604,260.18560791016,0.76686412096024
1,2,7,12,147P606022291850,,,,,,
1,2,7,13,148P606022067061,37.949535369873,8.9445123672485,30.81628036499,8.4311141967773,259.81558227539,0.76542395353317
1,2,7,14,148P606022014784,37.925705,9.000483,30.765118,8.455963,260.148712,0.762118
1,2,7,15,148P606022053810,37.970169067383,8.9892244338989,30.870450973511,8.4707689285278,261.49645996094,0.7661275267601
1,2,7,16,148P606022051489,38.20463180542,9.0011119842529,30.975196838379,8.4561471939087,261.93081665039,0.76168328523636
1,2,7,17,148P606022054477,38.053813934326,8.936562538147,30.968278884888,8.438777923584,261.33444213867,0.76847183704376
1,2,7,18,148P606022051836,37.992294311523,8.9877777099609,30.864128112793,8.4756116867065,261.59237670898,0.76608550548553
1,2,7,19,148P606022066906,37.984722137451,8.932074546814,30.923385620117,8.4197807312012,260.36813354492,0.76740837097168
1,2,7,20,148P606022058908,37.973773956299,8.9977426528931,30.745168685913,8.493821144104,261.14395141601,0.76429784297943
1,2,7,21,148P606022054658,38.007186889648,8.953408241272,30.895481109619,8.4301605224609,260.45385742188,0.76537925004959
1,2,7,22,148P606022059071,38.081272125244,9.008246421814,30.925561904907,8.4919948577881,262.61972045898,0.7655536532402
1,2,7,23,148P606022054120,37.910495758057,8.9827041625976,30.805877685547,8.4640789031982,260.74337768555,0.76567900180817
1,2,7,24,148P606022052615,38.119293212891,8.9910955429077,30.865493774414,8.4679708480835,261.36810302734,0.76259708404541
1,2,7,25,148P606022054481,38.075119018555,8.9381637573242,30.984058380127,8.4203357696533,260.89617919922,0.76661646366119
1,2,7,26,148P606022052616,38.040706634521,8.9654064178467,30.909704208374,8.4506464004517,261.20697021484,0.7658896446228
1,2,7,27,148P606022054352,38.091175079346,8.9894247055054,30.902101516724,8.4496469497681,261.11184692383,0.76255345344543
1,2,7,28,148P606022051855,38.058071136475,8.9983892440796,30.885314941406,8.4897451400757,262.20846557617,0.76565861701965
1,2,7,29,148P606022054338,38.167984008789,8.9454803466797,30.993211746216,8.4321537017822,261.33953857422,0.7654242515564
1,2,7,30,148P606022052347,38.105052947998,8.9681053161621,30.945617675781,8.4673719406128,262.0280456543,0.76676893234253
1,2,7,31,148P606022054083,38.117500305176,8.9578008651733,30.887329101562,8.4301738739014,260.38555908203,0.76258993148804
1,2,7,32,148P606022058920,37.97045135498,9.0068130493164,30.796199798584,8.490816116333,261.48486328125,0.76459181308746
1,2,7,33,148P606022054084,38.10718536377,8.9534311294556,30.862184524536,8.4429035186768,260.56643676758,0.76369881629944
1,2,7,34,148P606022058927,38.034545898438,9.0046739578247,30.819343566894,8.4882850646973,261.60336303711,0.76383066177368
1,2,7,35,148P606022053808,37.990497589111,8.9972095489502,30.773344039917,8.4736576080322,260.76278686523,0.7628915309906
1,2,7,36,148P606022059125,38.039253234863,8.9916229248047,30.867403030396,8.4898767471313,262.06045532226,0.76618105173111
1,2,7,37,148P606022051722,38.107681274414,8.9548969268799,30.955045700073,8.4533214569092,261.67294311523,0.76680636405945
1,2,7,38,148P606022058922,38.030052185059,9.0044755935669,30.8122215271,8.4745330810547,261.11920166016,0.76252388954163
1,2,7,39,148P606022051678,38.075733184814,8.9595460891724,30.877044677734,8.4351596832275,260.45278930664,0.76347482204437
1,2,7,40,147P606022292921,,,,,,
1,2,8,1,148P606022052559,38.09183883667,9.003532409668,30.932144165039,8.491400718689,262.6572265625,0.76585137844086
1,2,8,2,148P606022052587,38.079273223877,9.0059251785278,31.0309715271,8.4927759170532,263.53909301758,0.7684720158577
1,2,8,3,148P606022051826,38.094276428223,8.9787397384644,31.087627410889,8.487943649292,263.87002563476,0.77146273851395
1,2,8,4,148P606022052589,38.058727264404,8.9863986968994,30.959535598755,8.4955911636353,263.01956176758,0.76903855800629
1,2,8,5,148P606022051721,38.048259735107,8.9429883956909,30.926332473755,8.4429225921631,261.10864257812,0.7673681974411
1,2,8,6,148P606022051749,38.124973297119,8.9828243255615,31.001041412354,8.4870939254761,263.10876464844,0.76826822757721
1,2,8,7,148P606022051719,37.943069458008,8.9549207687378,30.843034744263,8.4437341690063,260.4303894043,0.76647406816482
1,2,8,8,148P606022051748,38.085433959961,8.9957962036133,31.017314910889,8.4995183944702,263.63223266601,0.76948469877243
1,2,8,9,148P606022058925,38.032161712646,8.9940738677978,30.761434555054,8.4735612869263,260.6589050293,0.76201778650284
1,2,8,10,148P606022058516,38.011817932129,9.0057430267334,30.868320465088,8.4596815109253,261.13616943359,0.76283186674118
1,2,8,11,148P606022059077,38.09638595581,8.9974508285522,30.931636810303,8.4885339736938,262.56423950195,0.76600623130798
1,2,8,12,148P606022057729,37.934150695801,9.0307359695434,30.770620346069,8.4876518249512,261.17031860351,0.76237791776657
1,2,8,13,148P606022058915,38.030082702637,8.9928569793701,30.77028465271,8.489203453064,261.21520996094,0.76378917694092
1,2,8,14,148P606022058514,38.012184143066,9.0122499465942,30.874116897583,8.4586458206177,261.15322875976,0.76232355833054
1,2,8,15,148P606022051865,38.122310638428,9.0219573974609,30.901376724243,8.498327255249,262.61001586914,0.76353913545608
1,2,8,16,148P606022054648,38.086597442627,8.9519720077515,30.898191452026,8.4238319396973,260.28115844726,0.76339942216873
1,2,8,17,148P606022058916,37.991516113281,8.97962474823,30.696441650391,8.46901512146,259.96862792969,0.76203709840775
1,2,8,18,148P606022057708,37.92618560791,9.012993812561,30.795560836792,8.4903936386108,261.46643066406,0.76490533351898
1,2,8,19,148P606022057465,37.984535217285,8.9890489578247,30.896902084351,8.4396324157715,260.75848388672,0.76369136571884
1,2,8,20,148P606022057746,37.9973487854,8.9890823364258,30.834699630737,8.4518299102783,260.6096496582,0.76299524307251
1,2,8,21,148P606022057558,38.06237411499,8.9227142333984,30.983112335205,8.4309377670288,261.21670532226,0.76914477348328
1,2,8,22,148P606022058533,37.923309326172,8.9891605377197,30.794296264648,8.4567604064941,260.41998291016,0.76392185688019
1,2,8,23,148P606022058530,37.989791870117,8.9786520004272,30.895053863525,8.4737138748169,261.79583740234,0.76751112937927
1,2,8,24,148P606022058521,38.035900115967,8.9750547409058,30.864835739136,8.462908744812,261.20629882812,0.76516103744507
1,2,8,25,148P606022057742,38.0032081604,8.9540433883667,30.926805496216,8.457160949707,261.55297851562,0.7686350941658
1,2,8,26,148P606022057751,37.920001983642,8.9718551635742,30.773704528809,8.4562358856201,260.22970581055,0.7649028301239
1,2,8,27,148P606022054452,38.016567230225,8.941873550415,30.864011764526,8.4168186187744,259.77679443359,0.76418572664261
1,2,8,28,148P606022058520,38.016983032226,8.9745683670044,30.869989395142,8.4561710357666,261.04190063476,0.76510143280029
1,2,8,29,148P606022054455,37.939147949219,8.9649133682251,30.781314849854,8.4435148239136,259.90249633789,0.76414674520492
1,2,8,30,148P606022057745,37.896602630615,8.9922790527344,30.889261245727,8.4537696838379,261.13070678711,0.76628071069717
1,2,8,31,148P606022054457,38.092399597168,8.9568586349487,30.981704711914,8.4484167098999,261.74633789062,0.76716107130051
1,2,8,32,148P606022057808,38.018615722656,8.9964799880981,30.873289108276,8.4925298690796,262.19232177734,0.76656866073608
1,2,8,33,148P606022054450,37.98762512207,8.978705406189,30.80545425415,8.4398202896118,259.99249267578,0.76226317882538
1,2,8,34,148P606022057735,37.992076873779,9.0157670974731,30.897756576538,8.4520387649536,261.14904785156,0.76241725683212
1,2,8,35,148P606022053954,38.058364868164,8.988073348999,30.832946777344,8.462944984436,260.93753051758,0.76281601190567
1,2,8,36,148P606022057744,38.013282775879,8.9945049285889,30.875020980835,8.4667730331421,261.41180419922,0.76456171274185
1,2,8,37,148P606022052207,38.06273651123,8.9373893737793,30.972881317139,8.4393320083618,261.39044189453,0.7683852314949
1,2,8,38,148P606022046588,37.915740966797,8.9696025848389,30.77875328064,8.4384984970093,259.72647094726,0.76370120048523
1,2,8,39,148P606022054601,38.056579589844,8.9393005371094,30.964105606079,8.4402122497559,261.34362792969,0.76820766925812
1,2,8,40,148P606022048061,38.035446166992,8.931788444519,30.927757263184,8.4153680801392,260.26846313476,0.76611614227295
1,3,1,1,147P606021061451,38.348984,9.038989,31.255472,8.495599,265.533966,0.766031
1,3,1,2,147P606021055602,37.981731,9.084411,30.815094,8.472238,261.072784,0.756641
1,3,1,3,147P606022270204,37.954494,9.046505,30.764601,8.497413,261.419495,0.761367
1,3,1,4,147P606021055482,37.975891,8.957628,30.795691,8.440665,259.936127,0.764127
1,3,1,5,147P606022271243,37.978279,9.02983,30.770746,8.477347,260.854309,0.760647
1,3,1,6,147P606021055591,37.984913,9.098507,30.823027,8.495224,261.848511,0.75765
1,3,1,7,147P606022270513,37.975216,8.996099,30.760754,8.440077,259.623138,0.759957
1,3,1,8,147P606021055830,38.069916,8.936257,30.838308,8.40626,259.234863,0.762002
1,3,1,9,147P606022271717,38.056671,8.96016,30.741108,8.442432,259.529724,0.761098
1,3,1,10,148P606022051254,38.058345794678,9.0424957275391,30.850572586059,8.4972953796387,262.14642333984,0.7617381811142
1,3,1,11,147P606022271728,38.047081,8.978563,30.835049,8.436535,260.140961,0.761519
1,3,1,12,148P606022051301,38.03246307373,9.0310487747192,30.720643997192,8.4936056137085,260.92904663086,0.75967842340469
1,3,1,13,147P606022270543,38.00647,9.028357,30.756918,8.492056,261.189453,0.761184
1,3,1,14,147P606021056016,37.98819,9.026047,30.856667,8.457679,260.975769,0.761122
1,3,1,15,147P606022270867,37.970146,8.993214,30.703817,8.441628,259.190216,0.759034
1,3,1,16,147P606021055841,38.044559,9.014183,30.862679,8.403677,259.359985,0.756283
1,3,1,17,147P606022271531,37.996033,8.9593,30.765703,8.425248,259.208679,0.761443
1,3,1,18,147P606021055604,38.012859,9.026979,30.869127,8.46897,261.429718,0.761872
1,3,1,19,147P606022271730,38.053932,8.966258,30.776337,8.444914,259.903503,0.761731
1,3,1,20,147P606021055821,38.069798,8.983944,30.854069,8.440209,260.414795,0.761409
1,3,1,21,147P606021057289,38.134865,9.008212,30.952709,8.439617,261.229004,0.760432
1,3,1,22,147P606021055606,38.01236,9.021381,30.832287,8.468464,261.102112,0.761399
1,3,1,23,147P606021063904,38.016846,9.01937,30.997057,8.479769,262.84787,0.766571
1,3,1,24,147P606021055828,38.079483,8.99489,30.707367,8.469418,260.073517,0.759293
1,3,1,25,147P606021063759,38.093651,9.039728,31.038698,8.49228,263.589325,0.765455
1,3,1,26,147P606021055847,38.037773,8.933105,30.813953,8.425246,259.615143,0.764034
1,3,1,27,147P606021061482,38.302395,9.043077,31.084427,8.487073,263.815796,0.761656
1,3,1,28,148P606022001978,37.932411,8.963352,30.75176,8.444105,259.671112,0.763735
1,3,1,29,147P606021061471,38.258156,9.05342,31.046043,8.494427,263.718353,0.761384
1,3,1,30,147P606022288197,37.867451,9.015952,30.833273,8.451101,260.575104,0.76323
1,3,1,31,147P606021061354,38.254986,8.990802,31.200731,8.441916,263.393951,0.765807
1,3,1,32,147P606022286589,37.956051,9.015708,30.824696,8.425843,259.72406,0.758982
1,3,1,33,147P606021061355,38.25708,9.003654,31.181921,8.449286,263.464966,0.764878
1,3,1,34,147P606022286230,38.102169,8.995629,30.938126,8.448346,261.376007,0.762578
1,3,1,35,147P606021061366,38.26894,8.984795,31.230379,8.453849,264.016907,0.767851
1,3,1,36,147P606022288217,37.963398,9.031894,30.85553,8.476958,261.561035,0.762832
1,3,1,37,147P606021061368,38.25354,8.990747,31.226477,8.454407,264.001343,0.767607
1,3,1,38,147P606022288212,37.953899,8.97363,30.951809,8.450188,261.548584,0.767941
1,3,1,39,147P606022288012,37.999969,9.030148,30.87936,8.472392,261.62204,0.762423
1,3,1,40,147P606022288135,37.994419,9.031166,30.89299,8.479002,261.941711,0.76338
1,3,2,1,147P606021061463,38.262318,9.052276,31.13821,8.494569,264.505676,0.76367
1,3,2,2,147P606022271727,38.077679,8.986346,30.76664,8.428493,259.316437,0.757838
1,3,2,3,147P606021061363,38.258579,9.001062,31.185726,8.456137,263.710754,0.765782
1,3,2,4,147P606021057389,38.080761,9.055617,30.917519,8.469265,261.848663,0.759323
1,3,2,5,147P606021061332,38.351593,9.010541,31.250391,8.457996,264.315704,0.764872
1,3,2,6,147P606021058957,38.163517,9.039853,30.947838,8.433856,261.009613,0.756566
1,3,2,7,147P606021061488,38.324688,9.032498,31.030376,8.471448,262.872223,0.759378
1,3,2,8,147P606021058646,37.94434,9.069833,30.905191,8.440539,260.856476,0.757976
1,3,2,9,147P606021061390,38.354797,8.993026,31.242157,8.449888,263.992737,0.765361
1,3,2,10,147P606022270861,38.008007,8.979218,30.779339,8.436646,259.674377,0.760879
1,3,2,11,147P606022292481,37.915161,8.992844,30.82338,8.468774,261.036224,0.76558
1,3,2,12,147P606022271515,37.947762,9.008066,30.70117,8.463674,259.844696,0.760144
1,3,2,13,147P606022290758,37.960804,8.982483,30.678106,8.434361,258.750214,0.758838
1,3,2,14,147P606022271496,37.93153,8.993527,30.672188,8.45562,259.352356,0.760256
1,3,2,15,147P606022292618,37.935844,9.012461,30.897865,8.480043,262.015228,0.766361
1,3,2,16,147P606022270159,38.072739,9.006618,30.769655,8.467006,260.526855,0.75976
1,3,2,17,147P606022292507,37.917427,9.035644,30.885168,8.486019,262.092133,0.764991
1,3,2,18,147P606022292504,37.938534,9.040021,30.911507,8.492134,262.504669,0.765398
1,3,2,19,147P606022288894,37.903996,9.020796,30.690331,8.454517,259.471924,0.758858
1,3,2,20,147P606021063771,38.04805,9.0463,31.000633,8.481519,262.932465,0.763908
1,3,2,21,147P606021049828,37.966278,9.007668,30.957233,8.456919,261.802795,0.765533
1,3,2,22,147P606021061483,38.317951,9.016057,31.167349,8.479787,264.29248,0.765008
1,3,2,23,147P606022288896,38.00666,9.018946,30.74007,8.453075,259.848145,0.758061
1,3,2,24,147P606021061524,38.311813,9.020353,31.249365,8.485828,265.176758,0.767325
1,3,2,25,147P606022288913,37.946888,9.0196,30.764196,8.457152,260.17749,0.760162
1,3,2,26,147P606021061519,38.298321,9.019351,31.240995,8.481105,264.95816,0.767048
1,3,2,27,147P606022292512,37.899918,9.025025,30.911053,8.486437,262.324707,0.766924
1,3,2,28,147P606022286563,37.903557,9.056354,30.722275,8.484994,260.678314,0.759402
1,3,2,29,147P606022292506,37.896091,9.014412,30.841026,8.488208,261.785034,0.766325
1,3,2,30,147P606022292479,37.930462,9.01764,30.854687,8.466948,261.245026,0.763778
1,3,2,31,147P606022289446,37.925789,9.016066,30.828609,8.478981,261.395203,0.764444
1,3,2,32,147P606022286554,37.873482,9.020957,30.796513,8.469249,260.823334,0.763411
1,3,2,33,147P606022292501,37.887001,9.009777,30.72962,8.470233,260.287048,0.762515
1,3,2,34,147P606022286556,37.974117,9.037851,30.759289,8.451808,259.971588,0.757483
1,3,2,35,147P606022292510,37.95454,9.030083,30.92893,8.489635,262.575348,0.766123
1,3,2,36,147P606022288327,37.959389,9.009,30.875383,8.467532,261.438293,0.764493
1,3,2,37,147P606021061464,38.275688,9.042927,31.129572,8.492216,264.359039,0.763769
1,3,2,38,147P606022285426,37.956753,9.003492,30.781973,8.465414,260.582153,0.762508
1,3,2,39,147P606022292632,37.909012,9.030787,30.847118,8.488729,261.852844,0.764873
1,3,2,40,147P606022286774,37.89584,9.031529,30.686626,8.457403,259.529175,0.758287
1,3,3,1,147P606021058953,38.139858,9.035372,30.942339,8.463326,261.875092,0.759922
1,3,3,2,147P606021062905,37.991699,8.953294,30.677427,8.466887,259.74231,0.763609
1,3,3,3,147P606022271721,38.028885,8.990005,30.740351,8.428815,259.104736,0.757882
1,3,3,4,147P606021066216,37.956184,8.965546,30.616262,8.473189,259.417389,0.762324
1,3,3,5,147P606022288444,37.90815,9.0051,30.863098,8.454723,260.938965,0.764395
1,3,3,6,147P606021062111,38.095528,9.038341,30.929396,8.469207,261.947449,0.760767
1,3,3,7,147P606022285536,38.011963,8.997514,30.922981,8.441055,261.022583,0.763195
1,3,3,8,147P606021065632,38.014168,8.963099,30.610144,8.493999,260.002502,0.763087
1,3,3,9,147P606022286810,37.918713,9.024692,30.814001,8.458298,260.634003,0.761632
1,3,3,10,147P606022288369,37.985931,9.004811,30.932022,8.46629,261.879456,0.765604
1,3,3,11,147P606022287459,37.964066,8.990086,30.909168,8.443112,260.969574,0.764634
1,3,3,12,147P606022288372,37.956142,9.019726,30.905046,8.480706,262.096619,0.765572
1,3,3,13,147P606022285950,37.97208,9.006004,30.870546,8.449854,260.851593,0.762776
1,3,3,14,147P606022287365,38.007614,8.969669,30.908978,8.432691,260.645844,0.764546
1,3,3,15,147P606022288169,37.913677,8.970358,30.903322,8.446911,261.037598,0.767534
1,3,3,16,147P606022286570,38.017307,9.022759,30.893282,8.45753,261.280853,0.761705
1,3,3,17,147P606022288164,38.02319,8.994671,30.915655,8.430107,260.622284,0.76204
1,3,3,18,147P606022286237,38.016155,9.009288,30.842743,8.445476,260.481628,0.760534
1,3,3,19,147P606022288413,37.877098,8.998519,30.835651,8.46295,260.960571,0.765644
1,3,3,20,147P606022288139,37.984081,8.988852,30.895912,8.463863,261.498779,0.765885
1,3,3,21,147P606022288414,37.877377,9.02403,30.825642,8.449847,260.471954,0.762045
1,3,3,22,147P606022286590,37.996216,9.015273,30.919191,8.455107,261.425049,0.763182
1,3,3,23,147P606022288171,37.951324,8.997775,30.884451,8.449602,260.961334,0.764212
1,3,3,24,147P606021062517,38.325283,8.981878,31.241642,8.4521,264.057465,0.767089
1,3,3,25,147P606022287557,37.963657,9.019629,30.907169,8.452577,261.245209,0.762942
1,3,3,26,147P606022286586,37.959503,8.990936,30.854877,8.430923,260.135071,0.762208
1,3,3,27,147P606022288451,37.867748,8.982428,30.836563,8.458884,260.842926,0.76686
1,3,3,28,147P606022288193,37.885723,9.026263,30.776917,8.455109,260.222168,0.760958
1,3,3,29,147P606022288160,37.925694,8.991931,30.909895,8.437037,260.787933,0.764717
1,3,3,30,147P606022288408,37.962391,8.947856,30.913609,8.444595,261.052917,0.768521
1,3,3,31,147P606022288453,37.94297,8.961533,30.861208,8.441606,260.518158,0.766169
1,3,3,32,147P606022288405,37.91003,9.003201,30.870707,8.454312,260.990601,0.76467
1,3,3,33,147P606022274307,38.145851,8.974277,31.097746,8.417292,261.758789,0.764636
1,3,3,34,147P606022288420,37.967991,8.998747,30.919874,8.453998,261.396545,0.765068
1,3,3,35,147P606022288174,37.96854,8.972441,30.891634,8.440659,260.745728,0.76539
1,3,3,36,147P606022288419,37.936863,9.00513,30.87962,8.449838,260.927765,0.763781
1,3,3,37,147P606022287497,37.913136,8.978061,30.775209,8.43584,259.614746,0.762706
1,3,3,38,147P606022288409,37.98719,9.001316,30.954103,8.455336,261.727325,0.765431
1,3,3,39,147P606022270768,37.985016,8.979918,30.81584,8.437778,260.017242,0.762285
1,3,3,40,147P606022288177,37.90519,9.020736,30.846237,8.461352,261.000885,0.763311
1,3,4,1,147P606022291030,38.059757,8.968221,30.911423,8.434004,260.707062,0.763801
1,3,4,2,147P606022271475,37.935017,8.994233,30.646351,8.444091,258.780579,0.758451
1,3,4,3,147P606021049718,37.963326,8.963369,30.848961,8.42907,260.028076,0.764161
1,3,4,4,147P606021057321,38.157696,9.055205,30.94644,8.45941,261.788605,0.757653
1,3,4,5,147P606021062834,38.150021,9.028822,31.007168,8.4657,262.497375,0.762077
1,3,4,6,147P606021057260,38.101574,9.024516,30.933952,8.430647,260.793243,0.758454
1,3,4,7,147P606021060592,38.267342,9.004228,31.078686,8.450112,262.618378,0.762167
1,3,4,8,147P606021049736,37.932549,8.979435,30.825064,8.430703,259.876953,0.762969
1,3,4,9,147P606021063911,37.95673,9.079616,30.879211,8.495877,262.345978,0.761234
1,3,4,10,147P606021063766,37.978348,9.069885,30.876886,8.496776,262.353973,0.76164
1,3,4,11,147P606021063783,37.954678,9.044928,30.881062,8.493145,262.277344,0.763995
1,3,4,12,147P606021057388,38.141869,9.054462,30.880798,8.488215,262.122864,0.758997
1,3,4,13,147P606022292491,37.896866,8.997766,30.817156,8.450206,260.411316,0.763698
1,3,4,14,147P606022271516,38.035007,9.004914,30.769014,8.456681,260.203735,0.759715
1,3,4,15,147P606022292627,37.894325,9.042098,30.784382,8.483919,261.172211,0.762226
1,3,4,16,147P606021057259,38.165688,9.043285,30.935732,8.45874,261.677307,0.75817
1,3,4,17,147P606022291050,37.903404,9.04376,30.823423,8.474983,261.227997,0.762066
1,3,4,18,147P606021058667,38.134064,9.04494,30.915586,8.484998,262.318695,0.76052
1,3,4,19,147P606021063147,38.107925,9.015711,31.021557,8.475709,262.929688,0.765287
1,3,4,20,147P606021050483,37.983814,9.03064,30.572744,8.489856,259.558197,0.756689
1,3,4,21,147P606021063114,38.186081,9.000857,31.070688,8.481018,263.511078,0.766673
1,3,4,22,147P606021058574,38.005516,9.000716,30.905336,8.455022,261.305298,0.763879
1,3,4,23,147P606021062300,38.089447,9.028845,30.975218,8.489723,262.971039,0.764665
1,3,4,24,147P606022288195,37.930794,9.026006,30.893312,8.456709,261.255737,0.763094
1,3,4,25,147P606022286571,37.956028,9.027035,30.746073,8.447077,259.714447,0.758002
1,3,4,26,147P606022289769,38.006264,8.999471,30.820522,8.479707,261.348999,0.764097
1,3,4,27,147P606022286584,37.910484,9.056753,30.779331,8.459461,260.376556,0.758351
1,3,4,28,147P606022288907,37.951492,9.00454,30.665218,8.446298,259.007568,0.757918
1,3,4,29,147P606022274024,38.058407,9.017958,30.882355,8.447363,260.874451,0.760104
1,3,4,30,147P606022080654,38.070961,8.97101,30.795959,8.41766,259.229919,0.759014
1,3,4,31,147P606022286648,37.942463,9.007039,30.780602,8.452515,260.173492,0.761299
1,3,4,32,147P606022291229,37.861248,9.02578,30.689342,8.491424,260.596222,0.762585
1,3,4,33,147P606022286579,37.999557,9.041442,30.748722,8.446856,259.730011,0.755972
1,3,4,34,147P606022292468,38.004917,8.976998,30.915073,8.442857,261.011536,0.765048
1,3,4,35,147P606022288425,37.941357,9.009962,30.994305,8.472329,262.593964,0.768155
1,3,4,36,147P606022292483,37.971203,9.001242,30.835588,8.454817,260.709259,0.762781
1,3,4,37,147P606022288423,37.93396,8.983787,30.986305,8.45998,262.143524,0.769222
1,3,4,38,147P606022292490,37.895069,9.022495,30.779804,8.445618,259.954468,0.760305
1,3,4,39,148P606022050669,38.028972625732,8.9590797424316,30.929592132568,8.4407348632812,261.06848144531,0.76626050472259
1,3,4,40,147P606022292486,37.917595,9.038663,30.630083,8.475339,259.600342,0.757461
1,3,5,1,148P606022065021,37.978229522705,8.9725542068481,30.809383392334,8.4697074890137,260.94647216797,0.76577401161194
1,3,5,2,148P606022048880,37.951759338379,8.9282999038696,30.841630935669,8.4162950515747,259.572265625,0.76605087518692
1,3,5,3,148P606022065532,38.141437530517,8.9874773025513,30.973663330078,8.4593992233276,262.01858520508,0.76435875892639
1,3,5,4,148P606022051197,38.061126708984,8.9983987808228,30.896272659302,8.489296913147,262.28762817383,0.7658274769783
1,3,5,5,148P606022061802,37.947219848633,8.9794330596924,30.78862953186,8.4540853500366,260.28970336914,0.76388520002365
1,3,5,6,148P606022048227,38.083000183105,8.9332914352417,30.902486801147,8.4104804992676,259.90475463867,0.7639616727829
1,3,5,7,148P606022049111,37.991806030273,8.9701328277588,30.836769104004,8.4231357574463,259.74227905273,0.76217347383499
1,3,5,8,148P606022050435,38.155696868896,8.9942722320557,30.923425674438,8.480170249939,262.23590087891,0.76412910223007
1,3,5,9,148P606022043368,38.124542,9.00843,30.792595,8.449164,260.171692,0.757541
1,3,5,10,147P606022291038,38.075504,9.012765,30.873518,8.459025,261.159882,0.761032
1,3,5,11,148P606022042181,38.051392,8.983674,30.906328,8.435293,260.703949,0.762646
1,3,5,12,147P606022291043,37.975838,8.999372,30.923191,8.470992,261.950104,0.766477
1,3,5,13,148P606022063441,38.002006530762,8.9526586532593,30.809278488159,8.4299659729004,259.72116088867,0.7633940577507
1,3,5,14,147P606022288884,38.018677,9.018324,30.76717,8.469931,260.595795,0.760054
1,3,5,15,148P606022063582,37.961208343506,9.0156154632568,30.740131378174,8.4753675460815,260.5339050293,0.7612527012825
1,3,5,16,148P606022050414,38.166015625,8.9757089614868,30.906038284302,8.4905395507812,262.40893554688,0.76600754261017
1,3,5,17,148P606022063506,37.964588165283,8.9875774383545,30.708768844604,8.4428472518921,259.26943969726,0.75985372066498
1,3,5,18,148P606022049126,37.924663543701,8.9739055633545,30.799955368042,8.4589576721191,260.53552246094,0.7655326128006
1,3,5,19,148P606022064626,37.979652404785,9.0426940917969,30.731174468994,8.4894313812256,260.89019775391,0.75964194536209
1,3,5,20,148P606022050907,38.038078308105,9.0269250869751,30.779968261719,8.4980182647705,261.56872558594,0.76177620887756
1,3,5,21,148P606022064122,37.930751800537,8.9508113861084,30.750219345093,8.4185619354248,258.87261962891,0.76248669624329
1,3,5,22,148P606022051312,38.003532409668,9.0039196014404,30.852909088135,8.4858551025391,261.81332397461,0.76513165235519
1,3,5,23,148P606022065598,38.130386352539,8.9738388061523,30.892799377441,8.4557542800903,261.22192382812,0.76341408491135
1,3,5,24,148P606022051318,38.022678375244,8.9920902252197,30.871648788452,8.4707832336426,261.50704956055,0.7648566365242
1,3,5,25,148P606022003353,37.992985,9.015038,30.841892,8.486617,261.743317,0.764196
1,3,5,26,148P606022050859,38.185474395752,8.9679584503174,30.922239303589,8.4298057556152,260.66845703125,0.76119637489319
1,3,5,27,148P606022065015,38.021537780762,8.9580907821655,30.849973678589,8.4503421783447,260.69284057617,0.76539206504822
1,3,5,28,148P606022051030,38.146827697754,9.0417490005493,30.899950027466,8.4973449707031,262.56753540039,0.761254966259
1,3,5,29,148P606022064271,37.967029571533,8.9721517562866,30.815925598144,8.4484577178955,260.34704589844,0.76427459716797
1,3,5,30,148P606022050674,38.134326934814,8.9836225509644,30.839912414551,8.4255819320679,259.84420776367,0.75848233699798
1,3,5,31,148P606022064275,37.931713104248,8.9653224945068,30.78041267395,8.4533214569092,260.19671630859,0.76512682437897
1,3,5,32,148P606022050779,38.14347076416,8.9849281311035,30.809719085693,8.4279251098633,259.66201782226,0.75765872001648
1,3,5,33,148P606022064991,38.028709411621,8.9690732955933,30.783267974854,8.4666509628296,260.63119506836,0.76412999629974
1,3,5,34,148P606022050677,38.131816864014,8.9626407623291,30.936569213867,8.4057474136353,260.04498291016,0.76089543104172
1,3,5,35,148P606022064846,37.966358184814,8.9939432144165,30.82660484314,8.4657039642334,260.96890258789,0.76425743103027
1,3,5,36,148P606022050682,38.141017913818,8.9584655761719,30.901075363159,8.4205093383789,260.20278930664,0.76152831315994
1,3,5,37,148P606022064849,37.978359222412,8.9906253814697,30.837818145752,8.478099822998,261.44610595703,0.76569545269012
1,3,5,38,148P606022050875,38.110919952392,8.935507774353,30.88472366333,8.4056596755981,259.60647583008,0.76233673095703
1,3,5,39,148P606022065552,38.205905914307,9.0096940994263,30.972091674805,8.4830989837646,262.73931884766,0.76328110694885
1,3,5,40,148P606022050802,37.951629638672,8.9848537445068,30.734088897705,8.4369506835938,259.30200195312,0.76043909788132
1,3,6,1,147P606022269081,38.026248931885,8.9706201553345,30.779315948486,8.4287042617798,259.42974853516,0.76052558422089
1,3,6,2,148P606022064125,37.903175354004,8.9751739501953,30.745456695557,8.4644002914429,260.24185180664,0.76499515771866
1,3,6,3,148P606022051928,37.93367767334,8.9891748428345,30.814105987549,8.4437599182129,260.18692016601,0.763028383255
1,3,6,4,148P606022060536,37.983795166016,8.947190284729,30.849660873413,8.4203996658325,259.76647949219,0.76436024904251
1,3,6,5,148P606022064773,37.99337387085,9.0054311752319,30.788328170776,8.4921255111694,261.45834350586,0.76417028903961
1,3,6,6,148P606022052965,38.030899047851,8.9680452346802,30.824975967407,8.4544706344604,260.60885620117,0.76410806179047
1,3,6,7,148P606022052088,37.962223052979,8.9912385940552,30.868856430054,8.44930934906,260.82052612305,0.76413589715958
1,3,6,8,148P606022052290,38.006462097168,9.0081596374512,30.849466323852,8.4589109420776,260.95288085938,0.76219934225082
1,3,6,9,148P606022064761,38.017307281494,9.0033178329468,30.821893692017,8.4793176651001,261.3486328125,0.76354789733887
1,3,6,10,148P606022053083,38.051013946533,8.9681940078735,30.806735992432,8.4520406723022,260.37979125976,0.76302021741867
1,3,6,11,147P606022291941,,,,,,
1,3,6,12,148P606022053202,38.030601501465,8.9675483703613,30.898559570312,8.4381675720215,260.72723388672,0.76450347900391
1,3,6,13,147P606022293255,,,,,,
1,3,6,14,148P606022053200,38.022266387939,8.9852018356323,30.804597854614,8.4270181655884,259.59091186523,0.75984263420105
1,3,6,15,148P606022063618,37.94550704956,8.977873802185,30.70693397522,8.4575824737549,259.70642089844,0.76234018802643
1,3,6,16,148P606022053111,38.035671234131,8.9814252853394,30.86462020874,8.4694223403931,261.40551757812,0.76520603895187
1,3,6,17,148P606022047031,38.057571411133,8.9471654891968,30.858966827392,8.4388122558594,260.41302490234,0.76477938890457
1,3,6,18,148P606022014780,37.896614,9.01177,30.723656,8.464805,260.069733,0.761516
1,3,6,19,147P606022292816,,,,,,
1,3,6,20,148P606022014751,37.934467,9.005838,30.765944,8.478929,260.862244,0.763577
1,3,6,21,147P606022291756,,,,,,
1,3,6,22,148P606022014896,37.874397,8.950856,30.712393,8.432215,258.97348,0.763915
1,3,6,23,147P606022293568,,,,,,
1,3,6,24,148P606022064148,37.878265380859,8.95907497406,30.754476547241,8.4257335662842,259.12902832031,0.76359450817108
1,3,6,25,147P606022293570,,,,,,
1,3,6,26,147P606022292916,,,,,,
1,3,6,27,147P606022293456,,,,,,
1,3,6,28,148P606022014874,37.853962,8.956884,30.718315,8.445805,259.440887,0.765191
1,3,6,29,147P606022291935,,,,,,
1,3,6,30,148P606022055031,38.121273040771,9.0043668746948,30.894523620605,8.4766855239868,261.88314819336,0.76293402910232
1,3,6,31,147P606022291933,,,,,,
1,3,6,32,148P606022053069,37.94543838501,8.9776821136475,30.828914642334,8.4482517242432,260.45043945312,0.76454192399979
1,3,6,33,147P606022291929,,,,,,
1,3,6,34,148P606022063736,37.98917388916,8.9798097610474,30.783756256104,8.4613599777222,260.47244262695,0.7635452747345
1,3,6,35,147P606022292052,,,,,,
1,3,6,36,148P606022051883,37.992973327637,8.9397592544556,30.827705383301,8.4136800765991,259.37445068359,0.76365655660629
1,3,6,37,147P606022293285,,,,,,
1,3,6,38,148P606022064612,37.925479888916,9.0534715652466,30.707437515259,8.4965658187866,260.90777587891,0.75987261533737
1,3,6,39,148P606022003306,38.028725,8.998529,30.793259,8.465983,260.695221,0.761815
1,3,6,40,148P606022064640,37.976402282715,9.047553062439,30.786346435547,8.4998579025269,261.67956542969,0.76159632205963
1,3,7,1,148P606022054106,38.133316040039,9.0198783874512,30.868846893311,8.4839296340942,261.88912963867,0.76139885187149
1,3,7,2,148P606022003782,37.968002,8.994688,30.86171,8.470666,261.41922,0.76548
1,3,7,3,148P606022054297,37.965869903564,8.9484710693359,30.865791320801,8.4290723800659,260.16998291016,0.76579934358597
1,3,7,4,148P606022003400,38.02639,9.001719,30.771791,8.473409,260.741974,0.761729
1,3,7,5,148P606022054159,38.044612884521,8.9815893173218,30.855823516846,8.4556360244751,260.90560913086,0.7635492682457
1,3,7,6,148P606022003716,37.9505,8.989034,30.868729,8.472001,261.519897,0.76661
1,3,7,7,148P606022053814,37.958358764648,8.9638442993164,30.805452346802,8.4574699401855,260.53619384766,0.76571357250214
1,3,7,8,148P606022003719,37.918972,9.026252,30.717844,8.489274,260.772186,0.761899
1,3,7,9,148P606022053862,37.961692810059,8.99294090271,30.809041976929,8.4795951843262,261.24819946289,0.76525467634201
1,3,7,10,148P606022003175,38.02145,9.022804,30.78557,8.479084,261.033447,0.760897
1,3,7,11,148P606022053820,38.038906097412,8.9815845489502,30.854774475098,8.4590606689453,261.00241088867,0.76394754648209
1,3,7,12,148P606022003802,37.962978,9.014891,30.865,8.482666,261.817474,0.765029
1,3,7,13,148P606022054640,38.09204864502,8.9934663772583,30.898853302002,8.450569152832,261.11288452148,0.76219636201858
1,3,7,14,148P606022002507,37.902927,9.00211,30.763418,8.460917,260.286743,0.762843
1,3,7,15,148P606022051674,38.008335113525,8.9583520889282,30.806051254272,8.4536666870117,260.4241027832,0.7648463845253
1,3,7,16,148P606022002502,37.886829,8.965749,30.767918,8.462067,260.360168,0.766478
1,3,7,17,148P606022049992,38.104602813721,8.9697380065918,30.974969863892,8.4648685455322,262.19903564453,0.76713871955872
1,3,7,18,148P606022002503,37.914829,8.969268,30.747389,8.450664,259.835846,0.76407
1,3,7,19,148P606022049774,38.141052246094,8.9651079177856,30.95986366272,8.4471950531006,261.52401733398,0.76482731103897
1,3,7,20,148P606022002321,38.073013,8.997603,30.807018,8.463569,260.737305,0.76113
1,3,7,21,148P606022052621,38.03800201416,8.977367401123,30.892913818359,8.4456253051758,260.90997314453,0.76405388116837
1,3,7,22,148P606022054549,38.092437744141,8.9700660705566,30.847087860107,8.452428817749,260.73281860351,0.76306456327438
1,3,7,23,148P606022051689,38.047523498535,8.9566860198975,30.821546554565,8.4419631958008,260.19436645508,0.76352655887604
1,3,7,24,148P606022054490,37.927799224854,8.9404993057251,30.804126739502,8.4307012557983,259.70037841797,0.76586663722992
1,3,7,25,148P606022052622,38.090911865234,9.0190410614014,30.913688659668,8.4943113327026,262.59048461914,0.76435875892639
1,3,7,26,148P606022054710,37.957015991211,8.9950714111328,30.853940963745,8.4640550613403,261.14944458008,0.76487845182419
1,3,7,27,148P606022052618,38.074645996094,8.9767112731934,30.912433624267,8.4535799026489,261.32073974609,0.76457613706589
1,3,7,28,148P606022053865,38.145515441895,8.9865980148315,30.880199432373,8.4297456741333,260.3122253418,0.75937408208847
1,3,7,29,148P606022051849,38.01383972168,8.997893333435,30.857526779175,8.4858160018921,261.8512878418,0.76554751396179
1,3,7,30,148P606022053855,37.974952697754,8.9603691101074,30.741430282593,8.4438018798828,259.57455444336,0.76284968852997
1,3,7,31,148P606022051784,38.076808929443,8.9926795959473,30.791110992432,8.4896306991577,261.40515136719,0.76342165470123
1,3,7,32,148P606022054487,37.805713653564,8.9629878997803,30.679180145264,8.4601173400879,259.54946899414,0.7659667134285
1,3,7,33,148P606022052579,38.147075653076,9.0305595397949,30.958116531372,8.4997425079346,263.1360168457,0.76384347677231
1,3,7,34,148P606022052383,38.072277069092,8.9628000259399,30.882579803467,8.4501399993896,260.96212768555,0.76475960016251
1,3,7,35,148P606022051834,38.096309661865,8.9882497787475,30.930841445923,8.4459810256958,261.24130249023,0.76292842626572
1,3,7,36,148P606022052597,38.000240325928,8.9865560531616,30.880348205566,8.4827013015747,261.94876098633,0.76707303524017
1,3,7,37,148P606022052612,38.085628509521,8.9803762435913,30.853929519653,8.4537563323975,260.83160400391,0.76261359453201
1,3,7,38,148P606022050273,38.045570373535,8.9844369888306,30.90863609314,8.4380874633789,260.80978393555,0.76300770044327
1,3,7,39,148P606022051835,38.14652633667,8.9762420654297,30.94606590271,8.440616607666,261.20388793945,0.76283407211304
1,3,7,40,148P606022049780,38.093734741211,8.9628419876099,30.843315124512,8.421443939209,259.74523925781,0.76076108217239
1,3,8,1,148P606022052619,38.112979888916,8.9758396148682,30.866933822632,8.4602241516113,261.14117431641,0.76335644721985
1,3,8,2,148P606022027017,38.006454,9.009373,30.860308,8.498894,262.278473,0.765968
1,3,8,3,148P606022054334,38.047397613525,8.9385938644409,31.017929077148,8.4404277801514,261.80459594726,0.76980918645859
1,3,8,4,148P606022026850,38.063358,9.009054,30.793188,8.462369,260.583313,0.759907
1,3,8,5,148P606022054451,37.964561462402,8.9703998565674,30.804643630981,8.4300785064697,259.68557739258,0.76253122091293
1,3,8,6,148P606022028086,38.003708,8.943918,30.785563,8.41507,259.062653,0.762169
1,3,8,7,148P606022054564,38.053798675537,8.9250583648682,30.985719680786,8.4252033233643,261.06097412109,0.76865750551224
1,3,8,8,148P606022028712,38.143105,9.021736,30.930679,8.484635,262.435547,0.762635
1,3,8,9,148P606022054530,38.031230926514,8.9952449798584,30.90495300293,8.4683256149292,261.71319580078,0.76501905918121
1,3,8,10,148P606022028226,37.958443,8.956614,30.681301,8.43271,258.726501,0.761007
1,3,8,11,148P606022054595,38.009284973145,8.9444255828857,30.954429626465,8.4399089813232,261.25256347656,0.76845490932465
1,3,8,12,148P606022027973,38.001877,9.041981,30.799669,8.498363,261.746796,0.761751
1,3,8,13,148P606022054529,38.041004180908,8.9829893112183,30.911436080933,8.4598016738892,261.5046081543,0.76525557041168
1,3,8,14,148P606022028260,38.111183,8.993378,30.86721,8.445843,260.699615,0.760615
1,3,8,15,148P606022028547,38.078053,8.999761,30.848186,8.457622,260.902283,0.761329
1,3,8,16,148P606022028652,38.121613,9.019869,30.767912,8.458637,260.254608,0.75688
1,3,8,17,148P606022028225,37.979656,8.969405,30.642607,8.461709,259.288818,0.761148
1,3,8,18,148P606022028543,37.970226,9.03561,30.771814,8.49638,261.449036,0.762055
1,3,8,19,148P606022027948,38.081223,9.007572,30.855352,8.490491,261.977081,0.763738
1,3,8,20,148P606022028555,37.974888,9.02314,30.807995,8.489577,261.546844,0.7633
1,3,8,21,148P606022028552,38.051853,9.053675,30.888002,8.482799,262.016693,0.760551
1,3,8,22,148P606022027861,38.007969,9.032025,30.854834,8.492464,262.033569,0.763303
1,3,8,23,148P606022028584,38.001888,9.012184,30.717867,8.487856,260.728821,0.761296
1,3,8,24,148P606022026780,38.133663,9.007734,30.909483,8.486178,262.303375,0.763624
1,3,8,25,148P606022028650,37.988075,9.004224,30.647192,8.474667,259.724731,0.759311
1,3,8,26,148P606022028177,37.938976,8.953869,30.745789,8.439337,259.47406,0.763832
1,3,8,27,148P606022027815,38.210705,9.003361,30.935871,8.468092,261.967804,0.761479
1,3,8,28,148P606022024187,38.130829,9.015968,30.846325,8.447656,260.579132,0.757968
1,3,8,29,148P606022026867,38.023109,9.007437,30.88051,8.496976,262.390961,0.766126
1,3,8,30,148P606022027868,38.04121,8.99192,30.860279,8.482217,261.76358,0.765248
1,3,8,31,148P606022026855,38.011742,9.039882,30.768909,8.495277,261.390411,0.760692
1,3,8,32,148P606022052258,38.075790405273,8.9525442123413,30.941026687622,8.4484024047851,261.40225219726,0.76685619354248
1,3,8,33,148P606022002310,38.065422,9.023313,30.853172,8.477719,261.564545,0.761522
1,3,8,34,148P606022054568,38.116172790527,8.9714374542236,31.054473876953,8.4556093215942,262.58450317383,0.76788783073425
1,3,8,35,147P606022079879,38.249432,9.070209,31.059637,8.488144,263.638672,0.759918
1,3,8,36,148P606022051673,38.040145874023,8.9736394882202,30.843351364136,8.4375448226929,260.24215698242,0.7623718380928
1,3,8,37,147P606022080224,38.129673,9.033596,31.015965,8.475126,262.864227,0.763146
1,3,8,38,148P606022052581,38.065116882324,9.0128192901611,30.960340499878,8.4840450286865,262.66891479492,0.76563334465027
1,3,8,39,147P606022080137,38.255955,9.04762,31.105915,8.470407,263.479767,0.761226
1,3,8,40,148P606022052574,38.117748260498,9.0117626190185,31.008155822754,8.4972019195557,263.48257446289,0.76703453063965
1,4,1,1,147P606021062727,38.307468,9.08248,31.159485,8.524655,265.623871,0.763448
1,4,1,2,147P606021057849,37.720974,9.015657,30.434923,8.545413,260.078979,0.76476
1,4,1,3,147P606021061058,38.288021,9.067474,31.194826,8.518747,265.740845,0.765436
1,4,1,4,147P606021058045,37.486755,9.037747,30.297493,8.554978,259.194397,0.765046
1,4,1,5,147P606021061038,38.305908,9.055097,31.214317,8.523848,266.066071,0.767062
1,4,1,6,147P606021059310,38.150127,8.963516,30.757853,8.501791,261.496826,0.764702
1,4,1,7,148P606022027062,37.936295,9.02077,30.795456,8.519002,262.346558,0.766614
1,4,1,8,147P606021057848,37.514675,9.031895,30.290995,8.555242,259.14679,0.764832
1,4,1,9,148P606022026965,37.979809,9.038372,30.837105,8.505353,262.280457,0.764052
1,4,1,10,147P606021058138,37.542194,9.037474,30.09067,8.585805,258.352631,0.761458
1,4,1,11,148P606022027066,38.002949,9.034803,30.859421,8.511022,262.645203,0.764951
1,4,1,12,147P606021059229,37.554077,9.073733,30.283947,8.550319,258.937408,0.759892
1,4,1,13,148P606022026742,37.993397,9.017158,30.861044,8.501254,262.357574,0.765801
1,4,1,14,147P606021059458,37.553688,9.02471,30.101397,8.544904,257.213531,0.758941
1,4,1,15,147P606021062561,38.31332,9.121628,31.13822,8.516905,265.201263,0.758846
1,4,1,16,147P606021059349,37.763863,9.062226,30.641718,8.50432,260.586975,0.76145
1,4,1,17,147P606021065611,38.025158,9.011763,30.755388,8.503545,261.529816,0.763204
1,4,1,18,147P606021059214,37.682842,9.080337,30.251223,8.524516,257.877045,0.753645
1,4,1,19,148P606022026864,38.051998,9.025957,30.856789,8.500744,262.305664,0.763725
1,4,1,20,147P606021058012,37.666042,9.061858,30.238274,8.504848,257.171936,0.753453
1,4,1,21,147P606021065493,38.01944,8.964635,30.4846,8.542752,260.422394,0.764082
1,4,1,22,147P606021058049,38.117817,8.949096,30.568201,8.527029,260.655945,0.764118
1,4,1,23,147P606021065789,38.02644,8.982146,30.512114,8.519699,259.954041,0.761081
1,4,1,24,147P606021058017,37.667648,9.013387,30.5872,8.504733,260.135986,0.766203
1,4,1,25,147P606021062710,37.863968,9.04113,30.22579,8.547902,258.367096,0.754724
1,4,1,26,147P606021058125,37.678455,9.049114,30.63176,8.550406,261.914001,0.768174
1,4,1,27,147P606021065620,38.158218,9.030124,30.567369,8.54778,261.283142,0.75828
1,4,1,28,147P606021057499,37.788795,9.044266,30.638029,8.560265,262.269623,0.767382
1,4,1,29,147P606021062670,38.074001,8.998719,30.590734,8.531578,260.987244,0.761746
1,4,1,30,147P606021059230,38.06023,8.998225,30.568207,8.532192,260.813812,0.761557
1,4,1,31,147P606021065536,38.038624,9.003454,30.567486,8.522646,260.515869,0.760677
1,4,1,32,147P606021059225,37.707726,9.044839,30.435852,8.565523,260.699005,0.764378
1,4,1,33,147P606021065842,38.038254,8.980657,30.561113,8.512844,260.161987,0.761579
1,4,1,34,147P606021058001,38.194275,8.939407,30.764122,8.506623,261.698792,0.766469
1,4,1,35,147P606021066097,38.079372,8.985523,30.753805,8.523149,262.119293,0.766065
1,4,1,36,147P606021059351,37.777821,9.032713,30.252493,8.580234,259.573456,0.760686
1,4,1,37,147P606021065660,38.196659,8.975649,30.543516,8.563867,261.570587,0.762953
1,4,1,38,147P606021059084,37.733391,9.046798,30.258448,8.544571,258.545441,0.757384
1,4,1,39,147P606021061241,38.129436,9.042302,30.605698,8.563547,262.093323,0.76018
1,4,1,40,147P606021065631,38.062607,8.976497,30.583754,8.54778,261.423187,0.765136
1,4,2,1,147P606021063805,37.985935,9.033572,30.888428,8.471861,261.682465,0.762592
1,4,2,2,147P606022286594,38.129124,8.964042,31.033865,8.43327,261.716949,0.765722
1,4,2,3,147P606022271086,38.00095,9.018747,30.728573,8.463079,260.05835,0.758805
1,4,2,4,147P606022288196,37.903168,9.018287,30.762899,8.452271,260.016388,0.760679
1,4,2,5,147P606022292474,37.97543,9.020655,30.875,8.490309,262.138275,0.765226
1,4,2,6,148P606022033605,37.869236,8.980779,30.709929,8.463412,259.910797,0.764229
1,4,2,7,147P606021065627,38.100872,8.97841,30.557194,8.523652,260.458893,0.761386
1,4,2,8,148P606022036065,37.908337,8.998041,30.734434,8.468117,260.262787,0.763008
1,4,2,9,147P606022292470,37.912785,9.030321,30.871094,8.477242,261.701721,0.764395
1,4,2,10,148P606022036045,37.94857,8.976798,30.822664,8.460649,260.779755,0.765521
1,4,2,11,147P606022292478,37.934258,9.012681,30.849531,8.463323,261.089539,0.763667
1,4,2,12,148P606022036223,37.824734,8.974319,30.692659,8.466582,259.861938,0.765535
1,4,2,13,147P606022292495,37.879383,8.993485,30.796453,8.459903,260.535004,0.764778
1,4,2,14,147P606022286705,37.94561,9.066264,30.758408,8.494306,261.271301,0.759455
1,4,2,15,147P606022292477,37.924541,9.013391,30.862898,8.475792,261.587494,0.765259
1,4,2,16,147P606022288383,38.004959,8.993307,30.889725,8.456283,261.21225,0.764247
1,4,2,17,147P606022292469,37.829258,9.003362,30.763391,8.471543,260.613403,0.765181
1,4,2,18,147P606022286707,37.904728,9.041734,30.776718,8.468091,260.620056,0.760436
1,4,2,19,147P606022292476,37.847244,8.9999,30.750988,8.473228,260.56015,0.764955
1,4,2,20,147P606022288194,37.907951,9.000137,30.836748,8.459805,260.872864,0.764627
1,4,2,21,147P606022292482,37.934978,8.991072,30.84775,8.455399,260.830017,0.764727
1,4,2,22,147P606022286724,38.054726,9.054579,30.91221,8.486033,262.322052,0.761304
1,4,2,23,147P606022292480,37.941319,9.001473,30.843731,8.468003,261.184814,0.764754
1,4,2,24,147P606021060680,38.331299,9.01699,31.217812,8.475596,264.589569,0.765522
1,4,2,25,147P606022288777,38.089237,9.072577,30.92424,8.488078,262.487366,0.759583
1,4,2,26,147P606021062522,38.312862,8.983981,31.255041,8.457652,264.344269,0.767992
1,4,2,27,147P606021062852,38.01527,9.041788,30.854147,8.491785,262.006775,0.762255
1,4,2,28,147P606022288377,38.027763,9.023897,30.936712,8.481805,262.39917,0.764659
1,4,2,29,147P606021049831,,,,,,
1,4,2,30,147P606022286895,37.98027,8.984961,30.808264,8.440557,260.03891,0.762016
1,4,2,31,147P606021061665,38.103325,9.006989,30.975958,8.462244,262.126129,0.763779
1,4,2,32,147P606022286235,38.021732,9.039209,30.886164,8.450496,261.003387,0.759423
1,4,2,33,147P606021049816,38.010029,8.979056,30.830215,8.431527,259.945801,0.761647
1,4,2,34,147P606022286873,38.017967,8.994323,30.909615,8.438525,260.831573,0.762786
1,4,2,35,147P606022288231,37.951019,9.007785,30.910671,8.463319,261.606873,0.765258
1,4,2,36,147P606022288216,37.94418,9.012757,30.859821,8.473572,261.49292,0.76464
1,4,2,37,147P606021062757,37.932137,9.039674,30.823278,8.478817,261.34494,0.762174
1,4,2,38,147P606022288928,38.006126,9.005593,30.702326,8.468425,260.000336,0.75964
1,4,2,39,147P606022292488,37.903141,8.985504,30.802835,8.44844,260.235901,0.764099
1,4,2,40,147P606021058466,38.165916,9.043371,30.928089,8.474746,262.107697,0.759405
